train_country,test_country,lg_accuracy,lg_f1,lg_sensitivity,lg_specificity,lg_auc,lg_precision,lg_bal_acc,lgbm_accuracy,lgbm_f1,lgbm_sensitivity,lgbm_specificity,lgbm_auc,lgbm_precision,lgbm_bal_acc,xgb_accuracy,xgb_f1,xgb_sensitivity,xgb_specificity,xgb_auc,xgb_precision,xgb_bal_acc,tabpfn_accuracy,tabpfn_f1,tabpfn_sensitivity,tabpfn_specificity,tabpfn_auc,tabpfn_precision,tabpfn_bal_acc
Gabon_DHS_2019_2021,Malawi_DHS_2024,0.483704974271012,0.6497090606816293,0.9908722109533469,0.00948316737790422,0.6257531952791908,0.4833044768736087,0.5001776891656255,0.5241362411173732,0.6435389133627019,0.8889452332657201,0.18302513039355145,0.603591581332587,0.5043153049482163,0.5359851818296357,0.4947316834109287,0.6457044673539519,0.9528397565922921,0.06638217164532954,0.6107789758371588,0.4883056133056133,0.5096109641188108,0.5037980887037491,0.6464117338920901,0.9386409736308317,0.09720246562351825,0.6263123511041735,0.4929427430093209,0.5179217196271749
Gabon_DHS_2019_2021,Rwanda_DHS_2019_2020,0.3946449359720605,0.538393253439858,0.9649960222752586,0.0656264341441028,0.5944363697301536,0.37334564481378885,0.5153112282096807,0.4610011641443539,0.5309017223910841,0.8337311058074781,0.24598439651216153,0.5985805784075446,0.38944630248978074,0.5398577511598198,0.4126891734575087,0.5258458646616542,0.8902147971360382,0.1372189077558513,0.593788323707568,0.3731243747915972,0.5137168524459448,0.44237485448195574,0.5349514563106796,0.8766905330151153,0.19183111519045434,0.6119757809684765,0.3849109325881942,0.5342608241027849
Gabon_DHS_2019_2021,Sierra_Leone_DHS_2019,0.6965811965811965,0.8210384809275751,0.9987735077677842,0.0018796992481203006,0.6035978642436017,0.6970042796005707,0.5003266035079522,0.6957264957264957,0.8159255429162358,0.9677023712183156,0.07048872180451128,0.6112653618920564,0.7053039332538736,0.5190955465114134,0.698005698005698,0.8208248816768087,0.9926410466067048,0.020676691729323307,0.610388911772481,0.6997118155619596,0.5066588691680141,0.7,0.8220381950312659,0.9942763695829926,0.023496240601503758,0.631305561020294,0.7006626332469029,0.5088863050922482
Gabon_DHS_2019_2021,Haiti_DHS_2016-2017,0.6657884069720308,0.7989759843959527,0.9996949359365467,0.004830917874396135,0.6117816625549336,0.6653807106598985,0.5022629269054714,0.6645723550871504,0.7916928886091882,0.9594264795607077,0.08091787439613526,0.5900351634229661,0.6738804371116349,0.5201721769784214,0.6680178354276449,0.7989690721649485,0.9929835265405735,0.024758454106280192,0.6090099271088475,0.6683778234086243,0.5088709903234269,0.6688285366842318,0.7984706462752836,0.9874923733984137,0.03804347826086957,0.6242573274324806,0.6701863354037267,0.5127679258296416
Gabon_DHS_2019_2021,Jordan_DHS_2023,0.47884747313057396,0.525307227660904,0.8252617801047121,0.2927943760984183,0.5950839168560623,0.3852734494347693,0.5590280781015652,0.5296135376171964,0.5142857142857142,0.712696335078534,0.4312829525483304,0.5957487187037054,0.4022903583302549,0.5719896438134322,0.4292247884747313,0.5222052067381318,0.8926701570680629,0.18031634446397188,0.5861890291592672,0.36904761904761907,0.5364932507660174,0.494626114795335,0.5307855626326964,0.8180628272251309,0.32091388400702986,0.622961887761205,0.3928346951602766,0.5694883556160804
Gabon_DHS_2019_2021,Armenia_DHS_2015-2016,0.6267450404114622,0.2111801242236025,0.3105022831050228,0.6873905429071804,0.5215955345504563,0.16,0.4989464130061016,0.5900073475385745,0.2520107238605898,0.4292237442922374,0.6208406304728546,0.5589408951690937,0.17836812144212524,0.5250321873825461,0.3938280675973549,0.2832319721980886,0.7442922374429224,0.3266199649737303,0.567765435949108,0.17489270386266095,0.5354561012083263,0.544452608376194,0.29705215419501135,0.5981735159817352,0.5341506129597198,0.5951467024926229,0.1975867269984917,0.5661620644707275
Gabon_DHS_2019_2021,Kyrgyz_Republic_DHS_2012,0.4594968205695328,0.6101694915254238,0.9610552763819096,0.06518518518518518,0.5569362243315342,0.4469763365468887,0.5131202307835474,0.5324854852087365,0.5844187761120668,0.746859296482412,0.3639506172839506,0.5906808735033191,0.4800161485668147,0.5554049568831814,0.46944982029306054,0.5969334173492964,0.8925879396984925,0.13679012345679012,0.5871362987778398,0.44840643736194385,0.5146890315776413,0.4957146806745922,0.594306049822064,0.8391959798994975,0.22567901234567903,0.6122720081890937,0.46005509641873277,0.5324374961225883
Gabon_DHS_2019_2021,Liberia_DHS_2019_2020,0.7121634168987929,0.8317046688382194,1.0,0.003215434083601286,0.5619905048147558,0.7118959107806692,0.5016077170418006,0.7107706592386258,0.8284219223354448,0.9817232375979112,0.04340836012861737,0.5731437794363335,0.7165316817532158,0.5125657988632643,0.7098421541318477,0.8301168795868442,0.9967362924281984,0.003215434083601286,0.5818949233081192,0.7112249650675361,0.4999758632558998,0.7116991643454039,0.8308362843911741,0.9954308093994778,0.012861736334405145,0.5941033934163358,0.7129499766245909,0.5041462728669415
Gabon_DHS_2019_2021,Bolivia_DHS_2008,0.44701429772918416,0.38233912635039924,0.2816608996539792,0.7031082529474812,0.464646914184626,0.5950292397660819,0.49238457630073024,0.595878889823381,0.7007162877608222,0.7785467128027682,0.3129689174705252,0.580411442049867,0.6370328425821065,0.5457578151366467,0.6110176619007569,0.7414034106793402,0.9176470588235294,0.13612004287245444,0.5844361122546238,0.6219512195121951,0.5268835508479919,0.62026913372582,0.7438297872340426,0.9072664359861592,0.1757770632368703,0.6108063804299855,0.6302884615384615,0.5415217496115148
Gabon_DHS_2019_2021,Congo_DRC_DHS_2021_2022,0.6479444741057128,0.784552048617918,0.9928878597419781,0.01958421211208195,0.6017767069919011,0.648482229664038,0.50623603592703,0.6493326214628937,0.7740470620613733,0.9303671849156467,0.13739078035552876,0.5959816260532264,0.6627002827521207,0.5338789826355878,0.6481580352375867,0.7811358352706742,0.9725438306318227,0.05724615848147032,0.5843943545402691,0.6526806526806527,0.5148949945566466,0.6518953550453818,0.7803826461870116,0.9579887528944757,0.09430551370894848,0.6063059329114531,0.6583314389634007,0.5261471333017121
Gabon_DHS_2019_2021,Guatemala_DHS_2014_2015,0.45324987963408764,0.5117798796216682,0.8435374149659864,0.2524427592241505,0.6043906089974758,0.367316711922982,0.5479900870950685,0.4405392392874338,0.524783248814003,0.909297052154195,0.19935831996499928,0.6234690281245938,0.36882041848700853,0.5543276860595971,0.3760231102551757,0.5129284425736621,0.9671201814058957,0.07189733119439988,0.6300768666807544,0.34901800327332244,0.5195087563001478,0.4112662493981704,0.5233863423760524,0.951530612244898,0.1332944436342424,0.6496207179580792,0.36096774193548387,0.5424125279395702
Gabon_DHS_2019_2021,Ghana_DHS_2022,0.5437918598660484,0.7032009384950562,0.997148288973384,0.007311586051743532,0.6488909656254945,0.5431012166709811,0.5022299375125637,0.5664605873261206,0.7075586446568202,0.967680608365019,0.09167604049493813,0.6466695821767526,0.5576554368666119,0.5296783244299785,0.5530654301906234,0.7064794451023515,0.9923954372623575,0.033183352080989874,0.6554306810745616,0.5484633569739953,0.5127893946716736,0.5571870170015456,0.7080006794632241,0.9904942965779467,0.04443194600674916,0.6848303301440932,0.5508855405762623,0.517463121292348
Gabon_DHS_2019_2021,Gambia_DHS_2019_2020,0.5415394013439218,0.6993791307830963,0.9988558352402745,0.017693315858453473,0.659300574931545,0.5380585516178736,0.5082745755493641,0.5690287110568112,0.70188041411367,0.950228832951945,0.13237221494102228,0.6305588712507235,0.5564489112227806,0.5413005239464836,0.5546731826511913,0.7022058823529411,0.9834096109839817,0.063564875491481,0.6546380660466483,0.5460609911054638,0.5234872432377313,0.5507025045815516,0.7032479322170668,0.9971395881006865,0.039318479685452164,0.6645644076285648,0.5431598628856341,0.5182290338930693
Gabon_DHS_2019_2021,Cameroon_DHS_2018,0.5806370704790569,0.7300613496932515,0.9864746945898778,0.03185840707964602,0.6170612673554804,0.579446437724244,0.5091665508347619,0.6069726611487334,0.720627562845427,0.881762652705061,0.23539823008849559,0.620840733705025,0.6092854989448296,0.5585804413967783,0.599949836970153,0.7302553695247759,0.9419720767888308,0.13746312684365783,0.622330846808445,0.596244131455399,0.5397176018162443,0.6042136945071482,0.7285861713106295,0.9240837696335078,0.17168141592920355,0.6366135641734493,0.6013628620102215,0.5478825927813556
Gabon_DHS_2019_2021,Mali_DHS_2023_2024,0.7268569626241917,0.8416239941477688,0.9993485342019544,0.004032258064516129,0.6337770255732849,0.7268993839835729,0.5016903961332353,0.7260684434631761,0.8390026879228845,0.9828447339847991,0.044930875576036866,0.6192917936324472,0.731888745148771,0.513887804780418,0.7266992587919886,0.8414020316646839,0.9982627578718783,0.006336405529953917,0.6216404729381508,0.7271433090794053,0.5022995817009162,0.727172370288598,0.8418358017919181,0.9997828447339848,0.004032258064516129,0.647699104859975,0.7269856308226749,0.5019075513992505
Malawi_DHS_2024,Gabon_DHS_2019_2021,0.566215926164413,0.639942989488687,0.5582841156356855,0.5839112343966713,0.6046548825867433,0.7495826377295493,0.5710976750161784,0.5786649495599914,0.6635818337617824,0.6018029219769973,0.5270457697642164,0.5829379462520754,0.7394957983193278,0.5644243458706069,0.5692208628461043,0.6464682050378722,0.570407211687908,0.5665742024965326,0.5893552887593949,0.7459349593495935,0.5684907070922203,0.5795235028976176,0.6580555070692966,0.5859496425240908,0.5651872399445215,0.5954694353031765,0.7503980891719745,0.5755684412343061
Malawi_DHS_2024,Rwanda_DHS_2019_2020,0.6493015133876601,0.4066962087641556,0.32856006364359586,0.8343276732446077,0.642013170485757,0.5335917312661499,0.5814438684441018,0.6411525029103609,0.41313660161827703,0.345266507557677,0.8118402937127123,0.6199763198506902,0.514218009478673,0.5785534006351947,0.6242724097788126,0.44710920770877943,0.4152744630071599,0.744837081229922,0.6211163332059148,0.4842300556586271,0.580055772118541,0.6420256111757858,0.4429347826086957,0.38902147971360385,0.7879761358421294,0.6453466827163024,0.5141955835962145,0.5884988077778667
Malawi_DHS_2024,Sierra_Leone_DHS_2019,0.5965811965811966,0.6863092600797519,0.633278822567457,0.5122180451127819,0.6155300352270701,0.7490328820116054,0.5727484338401194,0.6227920227920228,0.7232441471571907,0.7072771872444807,0.42857142857142855,0.595170341020171,0.7399486740804107,0.5679243079079547,0.6133903133903134,0.7088607594936709,0.6753883892068684,0.4708646616541353,0.6022480311572062,0.745823927765237,0.5731265254305018,0.6014245014245014,0.6920537090028616,0.642681929681112,0.506578947368421,0.6128922316010795,0.7496423462088698,0.5746304385247665
Malawi_DHS_2024,Haiti_DHS_2016-2017,0.6134981759221727,0.6732910741819428,0.599450884685784,0.6413043478260869,0.6563328057346149,0.7678780773739742,0.6203776162559355,0.6027563842723956,0.6808857049820906,0.637888956680903,0.5332125603864735,0.6219744129358953,0.7300977653631285,0.5855507585336882,0.6003242805026348,0.6707846410684474,0.6128737034777303,0.5754830917874396,0.6316415909901466,0.7407817109144543,0.594178397632585,0.6090393190109444,0.6717713118938233,0.602196461256864,0.6225845410628019,0.6553066225429078,0.7595228934205464,0.612390501159833
Malawi_DHS_2024,Jordan_DHS_2023,0.6309169906242854,0.43248945147679324,0.4024869109947644,0.7536028119507908,0.6270539846704516,0.4673252279635258,0.5780448614727776,0.5947861879716442,0.39315068493150684,0.3756544502617801,0.7124780316344465,0.5647461791146404,0.41235632183908044,0.5440662409481133,0.6107935056025612,0.41512027491408937,0.39528795811518325,0.7265377855887521,0.5840945582863295,0.4370477568740955,0.5609128718519677,0.6160530528241481,0.42083477061055535,0.3992146596858639,0.7325131810193322,0.605898448642332,0.4449307075127644,0.565863920352598
Malawi_DHS_2024,Armenia_DHS_2015-2016,0.7178545187362234,0.2835820895522388,0.3470319634703196,0.7889667250437828,0.6425721117322009,0.23974763406940064,0.5679993442570512,0.6671565025716385,0.2843601895734597,0.410958904109589,0.7162872154115587,0.5628993434573647,0.21739130434782608,0.5636230597605738,0.6502571638501102,0.32386363636363635,0.5205479452054794,0.6751313485113836,0.6174579564810594,0.23505154639175257,0.5978396468584315,0.6811168258633358,0.3502994011976048,0.5342465753424658,0.7092819614711033,0.6443494150293085,0.26057906458797325,0.6217642684067846
Malawi_DHS_2024,Kyrgyz_Republic_DHS_2012,0.5988388166989218,0.42761341222879684,0.34045226130653267,0.8019753086419753,0.6316344066009058,0.574761399787911,0.571213784974254,0.5814210671827481,0.43801039346696363,0.3706030150753769,0.7471604938271605,0.5900607978162418,0.5353901996370236,0.5588817544512688,0.6040917887752281,0.4848920863309353,0.42336683417085424,0.7461728395061729,0.6216970655747875,0.5673400673400674,0.5847698368385136,0.6013270666298037,0.475254730713246,0.4101758793969849,0.7516049382716049,0.6305400459085552,0.5648788927335641,0.5808904088342949
Malawi_DHS_2024,Liberia_DHS_2019_2020,0.6044568245125348,0.6930835734870316,0.6279373368146214,0.5466237942122186,0.6107876554196436,0.7733118971061094,0.58728056551342,0.6411327762302693,0.7425907425907425,0.7278067885117493,0.42765273311897106,0.593030357727536,0.7579877634262406,0.5777297608153602,0.6244196843082637,0.7251104315324499,0.6964751958224543,0.44694533762057875,0.5948542560425814,0.7562012756909993,0.5717102667215166,0.6267409470752089,0.7184873949579832,0.6697127937336814,0.5209003215434084,0.617401123303082,0.7749244712990937,0.5953065576385449
Malawi_DHS_2024,Bolivia_DHS_2008,0.4646761984861228,0.3421188630490956,0.2290657439446367,0.8295819935691319,0.5485204181918654,0.6755102040816326,0.5293238687568843,0.5399495374264087,0.5588709677419355,0.4795847750865052,0.6334405144694534,0.5640160660443485,0.6695652173913044,0.5565126447779793,0.5723296888141295,0.6047415468324913,0.5384083044982699,0.62486602357985,0.6029639849130497,0.6897163120567376,0.58163716403906,0.5870479394449117,0.5938792390405294,0.49688581314878894,0.7266881028938906,0.6273634553121419,0.7379239465570401,0.6117869580213398
Malawi_DHS_2024,Congo_DRC_DHS_2021_2022,0.5692471970101441,0.6210783392823596,0.5468078068144228,0.6101235311840916,0.6100377670958327,0.7186956521739131,0.5784656689992571,0.5554725040042712,0.6044655581947743,0.526132980482964,0.6089183489002712,0.5916345678411878,0.7102031703505247,0.5675256646916176,0.5553657234383342,0.605831124574025,0.5292755540853457,0.602892437481169,0.5950264353723991,0.7082779991146525,0.5660839957832573,0.5617725573945542,0.6097375427919361,0.5302679457492557,0.6191623983127448,0.6104988549671958,0.7172259507829978,0.5747151720310002
Malawi_DHS_2024,Guatemala_DHS_2014_2015,0.6737602311025518,0.5180654338549076,0.516156462585034,0.7548490593554033,0.6900008168159588,0.5199885779554541,0.6355027609702186,0.6397688974482426,0.5228924882030354,0.5810657596371882,0.6699722910893977,0.6745791372307028,0.47530721075817295,0.625519025363293,0.6187770823302841,0.532309509746013,0.6386054421768708,0.6085751786495552,0.6761699855188781,0.45635001012760784,0.623590310413213,0.6802118440057776,0.5728617363344052,0.6312358276643991,0.7054105293860289,0.717878009693985,0.5243701436307983,0.668323178525214
Malawi_DHS_2024,Ghana_DHS_2022,0.6154044307058217,0.6446084265651035,0.6435361216730038,0.5821147356580427,0.6559617013177534,0.6456843109203624,0.6128254286655233,0.6087068521380732,0.6705703751897636,0.7347908745247148,0.4595050618672666,0.6395229291680745,0.6166733147187874,0.5971479681959907,0.6014940752189593,0.6594761171032357,0.7119771863117871,0.47075365579302586,0.6326156562891616,0.6141861418614186,0.5913654210524064,0.6092220504894384,0.6508630609896433,0.6720532319391636,0.5348706411698537,0.6477721208090435,0.6309683177153057,0.6034619365545086
Malawi_DHS_2024,Gambia_DHS_2019_2020,0.6301160659743433,0.6748993288590605,0.7191075514874142,0.528178243774574,0.6500666554699472,0.6358118361153262,0.6236428976309941,0.6160659743433109,0.6724003127443315,0.7379862700228833,0.4764089121887287,0.6325487882050558,0.6175203446625179,0.6071975911058061,0.615149664019548,0.6717040125065138,0.7374141876430206,0.4750982961992136,0.6416338762742517,0.6167464114832536,0.606256241921117,0.615149664019548,0.6530837004405287,0.6784897025171625,0.5425950196592398,0.6443047811991087,0.6295116772823779,0.6105423610882011
Malawi_DHS_2024,Cameroon_DHS_2018,0.5939302733885127,0.6050256160039034,0.5410122164048866,0.6654867256637168,0.6328839055429427,0.6862202545655783,0.6032494710343017,0.5793829947328819,0.6066150598170302,0.5641361256544503,0.6,0.6100176579303671,0.6560121765601218,0.5820680628272251,0.5864058189114623,0.6178447276940904,0.5815881326352531,0.5929203539823009,0.6211729138673956,0.6589223924864063,0.5872542433087771,0.5859041886129922,0.58960974397216,0.5174520069808028,0.6784660766961652,0.6283938748088773,0.6851530906990179,0.597959041838484
Malawi_DHS_2024,Mali_DHS_2023_2024,0.6527361614887242,0.7417917448405253,0.6868621064060804,0.5622119815668203,0.6649241707821092,0.8062707111904155,0.6245370439864504,0.6506860116700836,0.7543528889874681,0.7385450597176981,0.4176267281105991,0.6159893073547587,0.7708522212148685,0.5780858939141487,0.6584134994480366,0.7582049564634963,0.7374592833876221,0.44873271889400923,0.6346993100066548,0.7801516195727085,0.5930960011408157,0.6708721021920833,0.7621652421652422,0.7261672095548317,0.5241935483870968,0.6540052387457032,0.8019184652278177,0.6251803789709642
Rwanda_DHS_2019_2020,Gabon_DHS_2019_2021,0.3114402232238678,0.006195786864931847,0.003108486167236556,0.9993065187239945,0.5950019767557666,0.9090909090909091,0.5012075024456155,0.47005795235028974,0.4811935280521118,0.3559216661485856,0.7246879334257975,0.5628803422525186,0.7425421530479897,0.5403047997871916,0.40115904700579524,0.2933130699088146,0.1799813490829966,0.8945908460471568,0.5665948969952881,0.7920656634746922,0.5372860975650767,0.4273449238033913,0.37341474870831376,0.2471246502953062,0.8294036061026352,0.596285466814,0.7636887608069164,0.5382641281989707
Rwanda_DHS_2019_2020,Malawi_DHS_2024,0.5221759372702769,0.030815109343936383,0.015720081135902637,0.9957325746799431,0.6451706056435427,0.775,0.5057263279079229,0.5929919137466307,0.4348417829193603,0.3240365111561866,0.8444760550023708,0.6271001705238921,0.6608066184074457,0.5842562830792787,0.5858858123009066,0.35545385202135776,0.2363083164300203,0.9127548601232812,0.6345628750347443,0.7169230769230769,0.5745315882766507,0.5910316098995344,0.3820807108478341,0.2616632860040568,0.89900426742532,0.6501633345740317,0.7078189300411523,0.5803337767146884
Rwanda_DHS_2019_2020,Sierra_Leone_DHS_2019,0.30313390313390315,0.0,0.0,1.0,0.6177755304040968,0.0,0.5,0.47321937321937324,0.47426784191071936,0.3409648405560098,0.7772556390977443,0.5887858187988368,0.7787114845938375,0.559110239826877,0.40826210826210824,0.32279100097815455,0.20237121831561733,0.881578947368421,0.5896987716634186,0.7971014492753623,0.5419750828420191,0.41367521367521365,0.3361290322580645,0.21300081766148815,0.875,0.6127817627675075,0.7966360856269113,0.5440004088307441
Rwanda_DHS_2019_2020,Haiti_DHS_2016-2017,0.33725172274017023,0.006682867557715674,0.003355704697986577,0.9981884057971014,0.621049641439195,0.7857142857142857,0.500772055247544,0.5085123631941629,0.5168360231121737,0.39566809029896277,0.7318840579710145,0.5852895382184848,0.7449741527857553,0.5637760741349886,0.4582488852857722,0.38110673767075715,0.2510677242220866,0.8683574879227053,0.587578347672818,0.7905859750240154,0.5597126060723959,0.46676124847993516,0.3958668197474168,0.2629652226967663,0.8701690821256038,0.6314601368219693,0.8003714020427113,0.566567152411185
Rwanda_DHS_2019_2020,Jordan_DHS_2023,0.643722844729019,0.22487562189054727,0.14790575916230367,0.9100175746924429,0.5953960746786409,0.46887966804979253,0.5289616669273733,0.5682597758975532,0.4066624764299183,0.42342931937172773,0.6460456942003515,0.5399504504090027,0.39117291414752114,0.5347375067860396,0.6336611022181569,0.22233009708737864,0.149869109947644,0.8934973637961335,0.556005990117686,0.43045112781954886,0.5216832368718888,0.6245140635719186,0.27792436235708,0.20680628272251309,0.8488576449912126,0.6008943770185592,0.42359249329758714,0.5278319638568628
Rwanda_DHS_2019_2020,Armenia_DHS_2015-2016,0.7582659808963997,0.38961038961038963,0.4794520547945205,0.8117338003502627,0.7164951339075083,0.328125,0.6455929275723916,0.5349008082292432,0.31120783460282914,0.6529680365296804,0.5122591943957968,0.6295492167070509,0.2042857142857143,0.5826136154627386,0.7825128581925055,0.3018867924528302,0.2922374429223744,0.8765323992994746,0.6426080976257307,0.3121951219512195,0.5843849211109244,0.7472446730345335,0.312,0.3561643835616438,0.8222416812609457,0.6926024998200704,0.2775800711743772,0.5892030324112947
Rwanda_DHS_2019_2020,Kyrgyz_Republic_DHS_2012,0.5698092341719657,0.055825242718446605,0.028894472361809045,0.9950617283950617,0.6516424716173459,0.8214285714285714,0.5119781003784354,0.5808681227536633,0.43135783945986494,0.3611809045226131,0.7535802469135803,0.6035436441466593,0.5353817504655494,0.5573805757180967,0.5833563726845452,0.3233048944768747,0.22613065326633167,0.8641975308641975,0.6204801786711335,0.5669291338582677,0.5451640920652646,0.593309372408073,0.3721724285104567,0.27386934673366836,0.8444444444444444,0.6452320243191264,0.5805592543275633,0.5591568955890565
Rwanda_DHS_2019_2020,Liberia_DHS_2019_2020,0.28876508820798513,0.0,0.0,1.0,0.5890992167101827,0.0,0.5,0.47307335190343547,0.5063070900391474,0.37989556135770236,0.702572347266881,0.5599346838716177,0.758800521512386,0.5412339543122917,0.39740018570102137,0.32885211995863495,0.20757180156657964,0.864951768488746,0.5580289305113633,0.7910447761194029,0.5362617850276629,0.4011142061281337,0.3398157625383828,0.21671018276762402,0.8553054662379421,0.5836012861736334,0.7867298578199052,0.5360078245027831
Rwanda_DHS_2019_2020,Bolivia_DHS_2008,0.6379310344827587,0.6584688615628719,0.5743944636678201,0.7363344051446945,0.7165277762324904,0.7713754646840149,0.6553644344062572,0.627838519764508,0.7108787977785037,0.7529411764705882,0.4340836012861736,0.638136457533647,0.6732673267326733,0.5935123888783809,0.5428931875525652,0.5101397025687247,0.3916955017301038,0.7770632368703109,0.6398283618346147,0.7312661498708011,0.5843793693002073,0.6005046257359126,0.603836530442035,0.501038062283737,0.7545551982851019,0.6749385284660487,0.7597061909758657,0.6277966302844195
Rwanda_DHS_2019_2020,Congo_DRC_DHS_2021_2022,0.35675387079551524,0.01083743842364532,0.005458154151505128,0.9966857487194938,0.5913842024841784,0.75,0.5010719514354994,0.48958889482114254,0.4550843593251254,0.3301356268607344,0.7800542332027719,0.5898477744742352,0.7322083639031548,0.5550949300317531,0.43160704751735185,0.28884435537742154,0.17879589811445584,0.8921361855980717,0.5917868601443368,0.7512161223071577,0.5354660418562638,0.4458088627869728,0.32858990944372574,0.21005623552762157,0.8752636336245857,0.5956561361389535,0.7541567695961995,0.5426599345761036
Rwanda_DHS_2019_2020,Guatemala_DHS_2014_2015,0.6813673567645643,0.315898284060368,0.2165532879818594,0.9205191774828643,0.6642241968003963,0.5836516424751719,0.5685362327323619,0.6441020702936928,0.47003154574132494,0.46456916099773243,0.7364736765349278,0.6386214808707986,0.475623911781776,0.6005214187663301,0.6658642272508426,0.32490272373540857,0.2366780045351474,0.8866851392737348,0.6388115889980512,0.5179900744416873,0.5616815719044411,0.6915743861338469,0.44823428079242034,0.3687641723356009,0.857663701327111,0.6739208273849621,0.5713658322353975,0.6132139368313559
Rwanda_DHS_2019_2020,Ghana_DHS_2022,0.45826893353941267,0.0009501187648456057,0.0004752851711026616,1.0,0.6418937414192047,1.0,0.5002376425855514,0.5917053065430191,0.5284141624516513,0.4220532319391635,0.7924634420697413,0.646848682888023,0.7064439140811456,0.6072583370044524,0.5425038639876353,0.3693181818181818,0.24714828897338403,0.8920134983127109,0.6415141548371093,0.7303370786516854,0.5695808936430475,0.5309119010819165,0.3540262504434197,0.23716730038022812,0.8785151856017998,0.650733430778377,0.6979020979020979,0.5578412429910139
Rwanda_DHS_2019_2020,Gambia_DHS_2019_2020,0.4660965180207697,0.0,0.0,1.0,0.6388446935048031,0.0,0.5,0.5381795968234575,0.4023715415019763,0.2911899313501144,0.8211009174311926,0.6029088477076217,0.6508951406649617,0.5561454243906535,0.51435552840562,0.29708222811671087,0.19221967963386727,0.8833551769331586,0.6085486952322969,0.6536964980544747,0.5377874282835129,0.5076359193646915,0.2923617208077261,0.19050343249427917,0.8709043250327654,0.6200057133259955,0.6283018867924528,0.5307038787635223
Rwanda_DHS_2019_2020,Cameroon_DHS_2018,0.4268873839979935,0.00953619419159081,0.004799301919720768,0.9976401179941002,0.6180991212219494,0.7333333333333333,0.5012197099569105,0.5382493102583396,0.46466996219831347,0.3486038394415358,0.7946902654867256,0.6089859817654841,0.6965998256320837,0.5716470524641307,0.5006270378730875,0.335669002335669,0.2194589877835951,0.8808259587020649,0.6194535822947073,0.7134751773049646,0.55014247324283,0.5141710559317783,0.36884978820462694,0.2469458987783595,0.8755162241887906,0.6283268210062447,0.7284427284427284,0.561231061483575
Rwanda_DHS_2019_2020,Mali_DHS_2023_2024,0.27377385270462073,0.0,0.0,1.0,0.6518110448971015,0.0,0.5,0.4093991483993061,0.3679324894514768,0.23669923995656894,0.8675115207373272,0.6068347618547261,0.8257575757575758,0.552105380346948,0.3549913262892288,0.23750932140193884,0.13832790445168294,0.9297235023041475,0.5964717898297283,0.839262187088274,0.5340257033779152,0.37281185932818167,0.28944077184205824,0.1758957654723127,0.8951612903225806,0.6337066627638762,0.8165322580645161,0.5355285278974466
Sierra_Leone_DHS_2019,Gabon_DHS_2019_2021,0.6743936467053016,0.7880988964939237,0.8769039477774324,0.22260748959778087,0.6139661136205586,0.7156265854895992,0.5497557186876066,0.670100880017171,0.7908558987617363,0.9033260801989431,0.14979195561719832,0.5879945176823713,0.7032913843175218,0.5265590179080707,0.6855548400944409,0.8100609360819396,0.9710910786447,0.04854368932038835,0.5993307916464932,0.6948398576512456,0.5098173839825442,0.6924232667954496,0.8093654383397632,0.9456014920733603,0.1276005547850208,0.6307873998095244,0.7074418604651163,0.5366010234291906
Sierra_Leone_DHS_2019,Malawi_DHS_2024,0.4844400882136731,0.6494501832722426,0.9883367139959433,0.013276434329065908,0.6159312403040385,0.4836228287841191,0.5008065741625046,0.5064935064935064,0.6501042390548992,0.9487829614604463,0.09293504030346135,0.6347114703045096,0.49445031712473575,0.5208590008819538,0.48787061994609165,0.6507352941176471,0.9873225152129818,0.020862968231389285,0.6316106861639049,0.4852941176470588,0.5040927417221855,0.503062974761088,0.6552193131587896,0.9771805273833671,0.059743954480796585,0.6533184593796317,0.4928388746803069,0.5184622409320818
Sierra_Leone_DHS_2019,Rwanda_DHS_2019_2020,0.3710710128055879,0.5361665593474995,0.9936356404136834,0.011932078935291418,0.6140869506167026,0.3671369782480894,0.5027838596744874,0.4391734575087311,0.5479709125029322,0.9291964996022275,0.1564938044974759,0.6260058860833668,0.38855622089155023,0.5428451520498517,0.3911525029103609,0.539409951563188,0.9745425616547335,0.05461220743460303,0.614335581231565,0.3729071537290715,0.5145773845446683,0.41239813736903375,0.543728813559322,0.9570405727923628,0.0982101881597063,0.6374093055027688,0.3797348484848485,0.5276253804760346
Sierra_Leone_DHS_2019,Haiti_DHS_2016-2017,0.6676124847993514,0.7990196078431373,0.9945088468578401,0.020531400966183576,0.5873898011336003,0.6677591151167555,0.5075201239120118,0.66335630320227,0.780087382497021,0.8987187309334961,0.19746376811594202,0.6091742490560699,0.6891228070175439,0.548091249524719,0.6674098094852047,0.7946953584386338,0.9688834655277608,0.07065217391304347,0.6152796752173029,0.6735949098621421,0.5197678197204022,0.6714633157681394,0.7937396615345463,0.9514948139109213,0.11714975845410629,0.6249182995699628,0.6808557083606199,0.5343222861825138
Sierra_Leone_DHS_2019,Jordan_DHS_2023,0.45895266407500573,0.5173398612811098,0.8298429319371727,0.2597539543057997,0.5722701717903182,0.3758150563129816,0.5447984431214862,0.3903498742282186,0.5161524500907441,0.930628272251309,0.10017574692442882,0.5619806954425418,0.3571069814163737,0.5154020095878689,0.3558198033386691,0.5188727583262169,0.9941099476439791,0.013005272407732865,0.5741316169637188,0.3510515368615669,0.503557610025856,0.4015549965698605,0.5273613870326892,0.9554973821989529,0.10404217926186292,0.6124902235022405,0.3641805936642554,0.5297697807304079
Sierra_Leone_DHS_2019,Armenia_DHS_2015-2016,0.5216752387950037,0.3225806451612903,0.7077625570776256,0.4859894921190893,0.6303848891234635,0.20889487870619947,0.5968760245983574,0.2520205731080088,0.2861150070126227,0.9315068493150684,0.12171628721541156,0.6333197386624443,0.16901408450704225,0.52661156826524,0.16678912564290962,0.27770700636942675,0.9954337899543378,0.00788091068301226,0.6247231085414517,0.16136195410806808,0.5016573503186751,0.2909625275532697,0.30324909747292417,0.958904109589041,0.1628721541155867,0.6524262489104271,0.18010291595197256,0.5608881318523139
Sierra_Leone_DHS_2019,Kyrgyz_Republic_DHS_2012,0.44982029306054744,0.6024770275669197,0.9472361809045227,0.05876543209876543,0.6049348594825982,0.44171060339777385,0.503000806501644,0.4780204589438761,0.613747954173486,0.9422110552763819,0.11308641975308642,0.6309901358645077,0.4550970873786408,0.5276487375147342,0.4517555985623445,0.6130731707317073,0.9868090452261307,0.03111111111111111,0.6328757987468205,0.44466459099915084,0.5089600781686209,0.4691733480785181,0.6135265700483091,0.957286432160804,0.0854320987654321,0.6338614368136981,0.4514218009478673,0.5213592654631181
Sierra_Leone_DHS_2019,Liberia_DHS_2019_2020,0.7014856081708449,0.821636615811373,0.966710182767624,0.04823151125401929,0.5382798267191659,0.7144235407621804,0.5074708470108217,0.6717734447539462,0.7944169816807212,0.891644908616188,0.1302250803858521,0.5487257897962439,0.7163083377031988,0.51093499450102,0.6987000928505107,0.8202713929659374,0.966710182767624,0.03858520900321544,0.5502516517928353,0.7123617123617123,0.5026476958854197,0.7019498607242339,0.8218645948945617,0.966710182767624,0.04983922829581994,0.5850400460067331,0.7147683397683398,0.5082747055317219
Sierra_Leone_DHS_2019,Bolivia_DHS_2008,0.6724137931034483,0.7519898121617319,0.8173010380622837,0.4480171489817792,0.7044240960995709,0.6963443396226415,0.6326590935220314,0.6084945332211943,0.7405962663694623,0.9197231833910035,0.1264737406216506,0.6254653478565626,0.6198694029850746,0.523098462006327,0.6084945332211943,0.7542887305357614,0.9889273356401385,0.01929260450160772,0.6408011511773236,0.609641638225256,0.5041099700708731,0.6190075693860387,0.7565824825362708,0.9743944636678201,0.06859592711682744,0.6744530609671522,0.6183574879227053,0.5214951953923238
Sierra_Leone_DHS_2019,Congo_DRC_DHS_2021_2022,0.6467698878804058,0.7821103938874984,0.9819715514389679,0.036155468514612835,0.5948048989085086,0.6498467600700525,0.5090635099767904,0.6395088093966897,0.763552318251856,0.901587826662256,0.16209701717384756,0.5951089353422495,0.6621720116618076,0.5318424219180518,0.6468766684463427,0.7806883745606472,0.9735362222957327,0.051822838204278396,0.59173682694003,0.6516107605446696,0.5126795302500056,0.6493326214628937,0.7795381310418904,0.9603043334435991,0.08285628201265441,0.6056579929489062,0.6560451977401129,0.5215803077281268
Sierra_Leone_DHS_2019,Guatemala_DHS_2014_2015,0.38777082330284063,0.5158391714894913,0.9600340136054422,0.09333527781828788,0.6213793475194754,0.3526655560183257,0.526684645711865,0.3885411651420318,0.5160798658741046,0.9597505668934241,0.09464780516260755,0.6163216197956505,0.35292891390452363,0.5271991860280159,0.35233509870004814,0.5095522823392153,0.9903628117913832,0.024063001312527345,0.6154283720196552,0.34301983114078144,0.5072129065519553,0.3870967741935484,0.5199487140810016,0.9770408163265306,0.08356424092168586,0.6754839179850638,0.3542287534682972,0.5303025286241082
Sierra_Leone_DHS_2019,Ghana_DHS_2022,0.5538382277176713,0.7044368600682593,0.9809885931558935,0.048368953880764905,0.6570750661870689,0.549520766773163,0.5146787735183292,0.5718701700154559,0.6866515837104072,0.8654942965779467,0.22440944881889763,0.5968282600606483,0.5690625,0.5449518726984222,0.5664605873261206,0.7046850324618354,0.9543726235741445,0.10742407199100112,0.6111949439067265,0.5585535465924896,0.5308983477825728,0.5904173106646059,0.7147470398277718,0.9467680608365019,0.1687289088863892,0.6705164409106656,0.5740634005763688,0.5577484848614456
Sierra_Leone_DHS_2019,Gambia_DHS_2019_2020,0.5849114233353696,0.7071751777634131,0.9387871853546911,0.17955439056356487,0.6768101946129783,0.5672312478396129,0.559170787959128,0.5311545510079414,0.679071712314447,0.9290617848970252,0.07536041939711664,0.5517220954260401,0.5350906095551895,0.5022111021470709,0.5387904703726328,0.6942081814499798,0.9805491990846682,0.0327653997378768,0.5969885823453728,0.5373040752351097,0.5066572994112725,0.5595601710445938,0.7047502047502048,0.9845537757437071,0.0727391874180865,0.6754770852140323,0.5487882653061225,0.5286464815808968
Sierra_Leone_DHS_2019,Cameroon_DHS_2018,0.5831452219714071,0.7261943986820428,0.9616055846422339,0.07138643067846608,0.6171714363670996,0.5833774483853891,0.51649600766035,0.5886631552545774,0.7109622841029256,0.8800174520069808,0.19469026548672566,0.5918683428830304,0.5963926670609107,0.5373538587468533,0.5833960371206421,0.7281060730070388,0.9703315881326352,0.06017699115044248,0.5955433031140764,0.5826565365470264,0.5152542896415389,0.6022071733132681,0.7327266599258511,0.9485165794066318,0.13392330383480827,0.64094245985781,0.5969247666117518,0.5412199416207201
Sierra_Leone_DHS_2019,Mali_DHS_2023_2024,0.7301687431004573,0.8413243067791895,0.9850162866449511,0.05414746543778802,0.6362864448080378,0.7342181935901586,0.5195818760413695,0.7167639173631919,0.8291801407646947,0.9465798045602606,0.10714285714285714,0.58376689332873,0.7376882721272635,0.5268613308515588,0.7237028859801293,0.8372352285395763,0.9785016286644951,0.0478110599078341,0.5932609941107891,0.7316122747199221,0.5131563442861646,0.7320611890868948,0.8428161717087612,0.98914223669924,0.05011520737327189,0.6562671685254957,0.7342037395228884,0.5196287220362559
Haiti_DHS_2016-2017,Gabon_DHS_2019_2021,0.6896329684481648,0.8077127659574468,0.944047248989742,0.12205270457697642,0.6139018744473383,0.7057866604694399,0.5330499767833592,0.6640910066537884,0.7824273599332685,0.8747280074603668,0.1941747572815534,0.5720944600395697,0.7077464788732394,0.5344513823709601,0.6808327967374973,0.8001075413362011,0.9250854833695991,0.13592233009708737,0.5910763812392297,0.7048792041686405,0.5305039067333432,0.6765400300493668,0.7919944789510007,0.8918246813801679,0.19625520110957004,0.6024331341344116,0.7122641509433962,0.544039941244869
Haiti_DHS_2016-2017,Malawi_DHS_2024,0.4984072531242343,0.6554452112438983,0.9873225152129818,0.041251778093883355,0.6641617062776451,0.490551776266062,0.5142871466534326,0.5562362166135751,0.6515297286896287,0.8585192697768763,0.27358937885253676,0.6493904227703737,0.5249612403100775,0.5660543243147065,0.5341827983337417,0.654677565849228,0.9137931034482759,0.17923186344238975,0.6505909667540926,0.5100481177469572,0.5465124834453329,0.5804949767213918,0.6651017214397497,0.8620689655172413,0.31721194879089615,0.6694771129622202,0.5414012738853503,0.5896404571540688
Haiti_DHS_2016-2017,Rwanda_DHS_2019_2020,0.4671129220023283,0.5377429941933856,0.847255369928401,0.24782010096374485,0.6232614568147606,0.39386094674556216,0.5475377354460729,0.4449941792782305,0.5399276236429433,0.8902147971360382,0.18815970628728776,0.5910603237747458,0.38746537396121883,0.539187251711663,0.4080325960419092,0.5400271370420624,0.9498806682577565,0.09545663148233134,0.5914394763350022,0.37725118483412323,0.5226686498700439,0.510477299185099,0.5540827147401909,0.8313444709626094,0.32537861404313906,0.6345345368369439,0.415506958250497,0.5783615425028743
Haiti_DHS_2016-2017,Sierra_Leone_DHS_2019,0.6971509971509972,0.8207722137919407,0.9950940310711366,0.012218045112781954,0.6075148009025015,0.6984218077474892,0.5036560380919592,0.6911680911680912,0.8058739255014327,0.919869174161897,0.16541353383458646,0.6055486477846292,0.7170172084130019,0.5426413539982418,0.6962962962962963,0.8155070958809276,0.9632052330335241,0.08270676691729323,0.6032497433280666,0.7070828331332533,0.5229559999754086,0.698005698005698,0.8147500873820342,0.9529844644317252,0.1118421052631579,0.6155507841558107,0.7115384615384616,0.5324132848474415
Haiti_DHS_2016-2017,Jordan_DHS_2023,0.5842670935284702,0.5030071077091307,0.6020942408376964,0.5746924428822495,0.6206224293561773,0.431924882629108,0.5883933418599729,0.4738166018751429,0.5223167946854889,0.8232984293193717,0.286115992970123,0.6015354852363383,0.38248707813925203,0.5547072111447473,0.43517036359478617,0.5200155460551885,0.8756544502617801,0.19859402460456943,0.6087062587988479,0.36981757877280264,0.5371242374331748,0.5241253144294534,0.5421342134213422,0.806282722513089,0.37258347978910367,0.6365996420651644,0.40835266821345706,0.5894331011510963
Haiti_DHS_2016-2017,Armenia_DHS_2015-2016,0.6451138868479059,0.2948905109489051,0.4611872146118721,0.680385288966725,0.5960983294548536,0.2167381974248927,0.5707862517892985,0.2858192505510654,0.2894736842105263,0.9041095890410958,0.1672504378283713,0.6519844221065342,0.17232375979112272,0.5356800134347336,0.2762674504041146,0.2898341744772891,0.9178082191780822,0.1532399299474606,0.6375900646946395,0.1720890410958904,0.5355240745627714,0.46583394562821456,0.34798206278026905,0.8858447488584474,0.38528896672504376,0.6756311525881855,0.21651785714285715,0.6355668577917456
Haiti_DHS_2016-2017,Kyrgyz_Republic_DHS_2012,0.49377937517279513,0.6081746201583565,0.8925879396984925,0.18024691358024691,0.5999305167814379,0.4612138915936384,0.5364174266393698,0.5203207077688692,0.6066651552935842,0.8404522613065326,0.268641975308642,0.6162516285129351,0.4746363958850656,0.5545471183075873,0.4885264030964888,0.6182418489475856,0.9409547738693468,0.13283950617283952,0.6226018983807928,0.4603564843269822,0.5368971400210931,0.5579209289466409,0.6268378063010501,0.8435929648241206,0.3333333333333333,0.6542100936782679,0.4987003341997772,0.588463149078727
Haiti_DHS_2016-2017,Liberia_DHS_2019_2020,0.7047353760445683,0.8240177089097952,0.9719321148825065,0.04662379421221865,0.5901024657258235,0.7151777137367915,0.5092779545473626,0.7065923862581244,0.8185993111366245,0.9308093994778068,0.15434083601286175,0.6046348845214209,0.7305327868852459,0.5425751177453343,0.7079851439182916,0.8240559440559441,0.9614882506527415,0.08360128617363344,0.6087160931216576,0.7209985315712188,0.5225447684131874,0.71355617455896,0.8268313219197305,0.9614882506527415,0.10289389067524116,0.6217504596475616,0.725258493353028,0.5321910706639913
Haiti_DHS_2016-2017,Bolivia_DHS_2008,0.4499579478553406,0.3440320962888666,0.23737024221453287,0.7792068595927116,0.49172405864180363,0.6247723132969034,0.5082885509036222,0.6110176619007569,0.7406784412671713,0.9141868512110727,0.1414790996784566,0.630367494075368,0.6225259189443921,0.5278329754447646,0.6223717409587889,0.7527533039647577,0.9460207612456747,0.12111468381564845,0.6387962334546076,0.6250571559213535,0.5335677225306615,0.635407905803196,0.7418874665078893,0.8622837370242215,0.2840300107181136,0.6578455479032923,0.6509926854754441,0.5731568738711675
Haiti_DHS_2016-2017,Congo_DRC_DHS_2021_2022,0.6514682327816338,0.7848101265822784,0.9844525305987429,0.04489304007231094,0.6025060754961186,0.652488489366367,0.514672785335527,0.6199679658302188,0.732747615829391,0.8069798213695005,0.27930099427538413,0.5764044155997152,0.6710218676935772,0.5431404078224423,0.6357714895888948,0.7636010811560052,0.911180946080053,0.1340765290750226,0.5719020999693323,0.657163306692115,0.5226287375775378,0.6389749065670048,0.7552305798885108,0.8627191531591135,0.23139499849352216,0.5969008366807574,0.6715591605510494,0.5470570758263178
Haiti_DHS_2016-2017,Guatemala_DHS_2014_2015,0.5867116032739528,0.5400771538791256,0.7142857142857143,0.5210733556949103,0.670479907484845,0.4341833218470021,0.6176795349903124,0.4561386615310544,0.5294117647058824,0.9005102040816326,0.2275047396820767,0.6611959425742004,0.37491149398159074,0.5640074718818546,0.40192585459797786,0.5189373402524978,0.949546485260771,0.12016917019104564,0.6539163803677127,0.35702866886923157,0.5348578277259083,0.49590755897929706,0.5495999311709542,0.905328798185941,0.28525594283214234,0.7014900814732582,0.3945645460160593,0.5952923705090417
Haiti_DHS_2016-2017,Ghana_DHS_2022,0.5620814013395157,0.7083047357584077,0.9809885931558935,0.06636670416197975,0.6739295123755917,0.5542427497314716,0.5236776486589366,0.5940236991241628,0.712618526622903,0.9287072243346007,0.19797525309336333,0.6503053266155419,0.5781065088757397,0.563341238713982,0.5798557444616177,0.7103534008169065,0.9505703422053232,0.14116985376827895,0.6565094287168476,0.5670541536716757,0.5458700979868011,0.5904173106646059,0.713410237923576,0.9405893536121673,0.17604049493813273,0.6708409607069079,0.5746225319396051,0.5583149242751501
Haiti_DHS_2016-2017,Gambia_DHS_2019_2020,0.5592547342700062,0.7055702917771883,0.9891304347826086,0.06684141546526867,0.6681277385725982,0.5483666349508405,0.5279859251239387,0.5723885155772755,0.7033898305084746,0.9496567505720824,0.1402359108781127,0.6493539892811406,0.5585464333781965,0.5449463307250976,0.5497861942577886,0.7006498781478473,0.9868421052631579,0.0491480996068152,0.6496621489903458,0.5431360201511335,0.5179951024349865,0.5562003665241295,0.7031664964249233,0.9845537757437071,0.0655307994757536,0.6690166031352814,0.5468700349539244,0.5250422876097304
Haiti_DHS_2016-2017,Cameroon_DHS_2018,0.5921745673438675,0.7341399607586658,0.9794938917975567,0.06843657817109144,0.6250727166957533,0.587081589958159,0.5239652349843241,0.5886631552545774,0.7021431166000727,0.8433682373472949,0.24424778761061947,0.5922598547210509,0.6014312383322962,0.5438080124789572,0.582392776523702,0.7138683622615569,0.9061954624781849,0.14454277286135694,0.599169356540899,0.5888857385880352,0.5253691176697709,0.6102332580887886,0.7176598837209303,0.8616928446771379,0.27020648967551625,0.6255843076083544,0.614881693648817,0.5659496671763271
Haiti_DHS_2016-2017,Mali_DHS_2023_2024,0.7293802239394417,0.8425399155808405,0.9969598262757872,0.019585253456221197,0.6604901254396893,0.72954075957413,0.5082725398660042,0.7175524365242075,0.8217378321887131,0.8964169381107492,0.24308755760368664,0.6583238265359732,0.7585446527012127,0.5697522478572179,0.724649108973348,0.8318890814558059,0.9381107491856677,0.15841013824884792,0.6618058161585533,0.7472755578619616,0.5482604437172578,0.7276454817852074,0.8320202314949907,0.9287730727470142,0.19412442396313365,0.6728114351761508,0.7535236081747709,0.5614487483550739
Jordan_DHS_2023,Gabon_DHS_2019_2021,0.5462545610646061,0.5940860215053764,0.4808828100714952,0.6920943134535368,0.625871270732762,0.7769964841788046,0.586488561762516,0.5222150676110754,0.5684373788290035,0.4557040721168791,0.6705963938973648,0.6002551459242401,0.755280783101494,0.563150233007122,0.4603992273019961,0.439589835042354,0.3064967360895244,0.8037447988904299,0.5986300888526926,0.77698975571316,0.5551207674899772,0.5243614509551406,0.5571542765787371,0.4333229717127759,0.7274618585298197,0.6194929459783044,0.7800783435926133,0.5803924151212978
Jordan_DHS_2023,Malawi_DHS_2024,0.5804949767213918,0.4067914067914068,0.29766734279918866,0.844950213371266,0.6339543076758833,0.6422319474835886,0.5713087780852273,0.5557461406518011,0.3536541889483066,0.2515212981744422,0.8402086296823139,0.5815239815453331,0.595438175270108,0.545864963928378,0.5474148493016417,0.2307371928363182,0.14046653144016227,0.9279279279279279,0.58628359864081,0.6456876456876457,0.534197229684045,0.5689781916197011,0.3633731451321028,0.25456389452332656,0.862968231389284,0.6309234931525953,0.6346396965865992,0.5587660629563053
Jordan_DHS_2023,Rwanda_DHS_2019_2020,0.6370779976717112,0.03855050115651504,0.01988862370723946,0.9931161083065626,0.5923830678535219,0.625,0.506502366006901,0.6332945285215367,0.05688622754491018,0.030230708035003977,0.9811840293712712,0.5503393022935719,0.4810126582278481,0.5057073687031376,0.6338766006984866,0.007886435331230283,0.003977724741447892,0.997246443322625,0.5548584649231856,0.45454545454545453,0.5006120840320365,0.6327124563445867,0.015600624024960999,0.007955449482895784,0.9931161083065626,0.6107695026255904,0.4,0.5005357788947292
Jordan_DHS_2023,Sierra_Leone_DHS_2019,0.6062678062678063,0.6911041573535985,0.6320523303352412,0.5469924812030075,0.6256278472141105,0.76232741617357,0.5895224057691244,0.5977207977207977,0.6945045434876677,0.6561733442354865,0.4633458646616541,0.5806756773372516,0.7375919117647058,0.5597596044485703,0.4883190883190883,0.527617043661231,0.41005723630417007,0.668233082706767,0.5646548146736423,0.7396755162241888,0.5391451595054685,0.5592592592592592,0.6355712603062427,0.5515126737530662,0.5770676691729323,0.6013909851283975,0.7498610339077265,0.5642901714629993
Jordan_DHS_2023,Haiti_DHS_2016-2017,0.5105391163356303,0.49739854318418314,0.3645515558267236,0.7995169082125604,0.6328113716682435,0.7825802226588081,0.582034232019642,0.546209971625456,0.58063307735531,0.47284929835265405,0.6914251207729468,0.6141685677905403,0.7520621057738962,0.5821372095628005,0.47709768950141873,0.43790849673202614,0.3065893837705918,0.8146135265700483,0.6146444935199677,0.7660060975609756,0.56060145517032,0.5470206728820429,0.5601259594567999,0.4341061622940818,0.7705314009661836,0.6515584426111126,0.7892401552967276,0.6023187816301326
Jordan_DHS_2023,Armenia_DHS_2015-2016,0.8368846436443791,0.008928571428571428,0.0045662100456621,0.9964973730297724,0.5579972650720917,0.2,0.5005317915377172,0.7942689199118296,0.10828025477707007,0.0776255707762557,0.9316987740805605,0.5197682508456685,0.17894736842105263,0.504662172428408,0.8251285819250551,0.032520325203252036,0.0182648401826484,0.9798598949211909,0.5500643747650921,0.14814814814814814,0.49906236755191963,0.8141072740631888,0.052434456928838954,0.0319634703196347,0.9640980735551664,0.5958364321186096,0.14583333333333334,0.49803077193740053
Jordan_DHS_2023,Kyrgyz_Republic_DHS_2012,0.5587503455902681,0.045454545454545456,0.02386934673366834,0.9792592592592593,0.575286928469508,0.475,0.5015643029964638,0.5598562344484379,0.20796019900497512,0.13128140703517588,0.8967901234567901,0.5559764873751474,0.5,0.514035765245983,0.5606856510920653,0.08414985590778098,0.04585427135678392,0.9654320987654321,0.5757261616725604,0.5104895104895105,0.5056431850611081,0.566215095382914,0.15235008103727715,0.0885678391959799,0.9417283950617283,0.6197431602456728,0.5444015444015444,0.5151481171288541
Jordan_DHS_2023,Liberia_DHS_2019_2020,0.5979572887650882,0.6963534361851332,0.6481723237597912,0.4742765273311897,0.5825203798074098,0.7522727272727273,0.5612244255454905,0.5580315691736305,0.6463595839524517,0.5678851174934726,0.5337620578778135,0.560358651028855,0.75,0.5508235876856431,0.44614670380687094,0.46717284502009826,0.3413838120104439,0.7041800643086816,0.5460130296441195,0.7397454031117398,0.5227819381595628,0.5649953574744662,0.6484052532833021,0.5639686684073107,0.567524115755627,0.5956077422279684,0.7625772285966461,0.5657463920814689
Jordan_DHS_2023,Bolivia_DHS_2008,0.43313708999158956,0.20799059929494712,0.12249134948096886,0.9142550911039657,0.47027744708626784,0.688715953307393,0.5183732202924674,0.4327165685449958,0.19558735837805605,0.11349480968858132,0.9271168274383709,0.5518582390398943,0.7068965517241379,0.5203058185634761,0.41757779646761983,0.11839592616168046,0.0643598615916955,0.9646302250803859,0.5629613146563713,0.7380952380952381,0.5144950433360407,0.432296047098402,0.18478260869565216,0.10588235294117647,0.9378349410503751,0.591816405018599,0.7251184834123223,0.5218586469957758
Jordan_DHS_2023,Congo_DRC_DHS_2021_2022,0.47549386011745864,0.4166270783847981,0.2901091630830301,0.8131967460078336,0.6102979995588707,0.7388374052232519,0.5516529545454318,0.4588360918312867,0.41559040590405905,0.2980482963943103,0.7517324495329919,0.552805736516176,0.6862147753236862,0.5248903729636512,0.4193272824345969,0.2869131917125623,0.18094608005292756,0.853570352515818,0.5556860344668977,0.6924050632911393,0.5172582162843729,0.49097704217832355,0.46335697399527187,0.34039034072113794,0.7652907502259717,0.5862908073355854,0.7254141698977793,0.5528405454735548
Jordan_DHS_2023,Guatemala_DHS_2014_2015,0.6606644198363023,0.37826393789696544,0.30385487528344673,0.8442467551407321,0.6296985105840499,0.5009345794392523,0.5740508152120894,0.6406355320173327,0.3297413793103448,0.2602040816326531,0.8363715910748141,0.5940546421767384,0.45,0.5482878363537336,0.6634569090033703,0.24170101974397917,0.1578798185941043,0.9235817412862768,0.5954358300123316,0.515263644773358,0.5407307799401906,0.6678863745787194,0.35181356887803045,0.2653061224489796,0.8750182295464489,0.6576732790729436,0.5220301171221416,0.5701621759977142
Jordan_DHS_2023,Ghana_DHS_2022,0.6213292117465224,0.6236559139784946,0.5788973384030418,0.671541057367829,0.6755154892710655,0.6759156492785794,0.6252191978854353,0.5808861411643482,0.6250288084812169,0.6444866920152091,0.5056242969628797,0.611830484117242,0.6067114093959731,0.5750554944890445,0.5553838227717671,0.5138028169014085,0.43346007604562736,0.6996625421822272,0.6074983854204536,0.6307053941908713,0.5665613091139273,0.615919629057187,0.633210332103321,0.6116920152091255,0.6209223847019123,0.6604337391523777,0.6562978072412035,0.616307199955519
Jordan_DHS_2023,Gambia_DHS_2019_2020,0.6350030543677458,0.6802247792346803,0.727116704805492,0.5294888597640891,0.6901757784969005,0.6390145801910507,0.6283027822847905,0.6145387904703726,0.6513812154696133,0.6744851258581236,0.5458715596330275,0.6570707282766151,0.6298076923076923,0.6101783427455756,0.5907147220525352,0.5311406578026592,0.4342105263157895,0.7699868938401049,0.6582295137524705,0.6837837837837838,0.6020987100779471,0.645693341478314,0.6614127262113252,0.6481693363844394,0.6428571428571429,0.6911398085360989,0.6752085816448152,0.6455132396207912
Jordan_DHS_2023,Cameroon_DHS_2018,0.5362427890644595,0.4635915288656803,0.3486038394415358,0.7899705014749262,0.6339171261332222,0.6917748917748918,0.569287170458231,0.5186857286180085,0.4595888482117713,0.35602094240837695,0.7386430678466077,0.5898223653389756,0.6481334392374901,0.5473320051274924,0.49385502884374216,0.3430989583333333,0.2299301919720768,0.8507374631268436,0.5924276822808074,0.6756410256410257,0.5403338275494602,0.5430147980938048,0.4884896125772038,0.3795811518324607,0.7640117994100295,0.6239264956472944,0.6850393700787402,0.5717964756212451
Jordan_DHS_2023,Mali_DHS_2023_2024,0.6410660779056931,0.7314137361340571,0.6729641693811075,0.5564516129032258,0.6548847425909525,0.80098216593435,0.6147078911421666,0.6084213846396468,0.7068130830086197,0.6499457111834962,0.49827188940092165,0.6114059677669534,0.7745859213250518,0.5741088002922089,0.46270304368396153,0.4632109658106192,0.31921824104234525,0.8433179723502304,0.6193048654788174,0.8438576349024111,0.5812681066962878,0.6082636808074436,0.6869959677419355,0.5919652551574376,0.6514976958525346,0.6673669173459023,0.8183728610027019,0.6217314755049861
Armenia_DHS_2015-2016,Gabon_DHS_2019_2021,0.30950847821420907,0.0,0.0,1.0,0.468104603793043,0.0,0.5,0.30950847821420907,0.006792219820932387,0.0034193347839602114,0.992371705963939,0.5230151927800344,0.5,0.4978955203739496,0.30950847821420907,0.0,0.0,1.0,0.5436032010940491,0.0,0.5,0.30950847821420907,0.0,0.0,1.0,0.568950081851054,0.0,0.5
Armenia_DHS_2015-2016,Malawi_DHS_2024,0.5167851016907621,0.0,0.0,1.0,0.564548775315296,0.0,0.5,0.5170301396716491,0.036185819070904644,0.018762677484787018,0.9829302987197724,0.5584960427492722,0.5068493150684932,0.5008464881022797,0.5148247978436657,0.004024144869215292,0.002028397565922921,0.9943100995732574,0.5412534612118256,0.25,0.49816924856959016,0.5167851016907621,0.0,0.0,1.0,0.6223272087075866,0.0,0.5
Armenia_DHS_2015-2016,Rwanda_DHS_2019_2020,0.6341676367869615,0.0,0.0,1.0,0.5383247115830102,0.0,0.5,0.630093131548312,0.1730644111906311,0.10580747812251393,0.9325378614043139,0.568729935673674,0.475,0.5191726697634139,0.6312572759022119,0.02762854950115119,0.014319809069212411,0.987150068838917,0.581497355059487,0.391304347826087,0.5007349389540647,0.6469732246798603,0.1216509775524982,0.06682577565632458,0.981642955484167,0.6378112765849471,0.6774193548387096,0.5242343655702458
Armenia_DHS_2015-2016,Sierra_Leone_DHS_2019,0.30313390313390315,0.0,0.0,1.0,0.5512294892997005,0.0,0.5,0.3037037037037037,0.0024489795918367346,0.0012264922322158627,0.9990601503759399,0.5413214915866936,0.75,0.5001433213040779,0.30313390313390315,0.0,0.0,1.0,0.5355613584246799,0.0,0.5,0.30313390313390315,0.0,0.0,1.0,0.5882327061521342,0.0,0.5
Armenia_DHS_2015-2016,Haiti_DHS_2016-2017,0.33563032022699635,0.0,0.0,1.0,0.543407337159161,0.0,0.5,0.33563032022699635,0.0054611650485436895,0.002745576571079927,0.9945652173913043,0.5806559172112133,0.5,0.4986553969811921,0.3352249695987029,0.0,0.0,0.998792270531401,0.5561190766727679,0.0,0.4993961352657005,0.33563032022699635,0.0,0.0,1.0,0.6334997922027394,0.0,0.5
Armenia_DHS_2015-2016,Jordan_DHS_2023,0.6505831237136976,0.0,0.0,1.0,0.533950441207593,0.0,0.5,0.6487537159844501,0.0051813471502590676,0.002617801047120419,0.9957820738137083,0.555162450887476,0.25,0.49919993743041435,0.6505831237136976,0.0,0.0,1.0,0.5623096458377423,0.0,0.5,0.6505831237136976,0.0,0.0,1.0,0.5787171394657662,0.0,0.5
Armenia_DHS_2015-2016,Kyrgyz_Republic_DHS_2012,0.5598562344484379,0.0,0.0,1.0,0.5439168062534896,0.0,0.5,0.5670445120265414,0.09688581314878893,0.052763819095477386,0.971358024691358,0.5943070289720206,0.5915492957746479,0.5120609218934177,0.5612385955211501,0.008744534665833853,0.0043969849246231155,0.9990123456790123,0.602783051057758,0.7777777777777778,0.5017046653018177,0.5642797898811169,0.03075030750307503,0.015703517587939697,0.9955555555555555,0.6379120913208015,0.7352941176470589,0.5056295365717476
Armenia_DHS_2015-2016,Liberia_DHS_2019_2020,0.28876508820798513,0.0,0.0,1.0,0.5230337998371294,0.0,0.5,0.2901578458681523,0.003908794788273616,0.0019582245430809398,1.0,0.5686942231326556,1.0,0.5009791122715405,0.28876508820798513,0.0,0.0,1.0,0.5606713792785003,0.0,0.5,0.28876508820798513,0.0,0.0,1.0,0.5945898012811364,0.0,0.5
Armenia_DHS_2015-2016,Bolivia_DHS_2008,0.44449116904962155,0.19204892966360856,0.10865051903114187,0.9646302250803859,0.6612497542992987,0.8263157894736842,0.5366403720557639,0.4873843566021867,0.32985156679494226,0.20761245674740483,0.9206859592711683,0.6550777526823099,0.8021390374331551,0.5641492080092866,0.4163162321278385,0.08923884514435695,0.047058823529411764,0.9882100750267953,0.656774849149041,0.8607594936708861,0.5176344492781035,0.41505466778805716,0.0973393900064893,0.05190311418685121,0.977491961414791,0.6797442487492443,0.78125,0.5146975378008211
Armenia_DHS_2015-2016,Congo_DRC_DHS_2021_2022,0.35440469834490124,0.0,0.0,1.0,0.5047084035949356,0.0,0.5,0.3585691404164442,0.03222168519413565,0.016539861065167052,0.9816209701717384,0.5098381525508412,0.6211180124223602,0.49908041561845273,0.35429791777896424,0.0013212221304706854,0.0006615944426066821,0.9984935221452245,0.4873821889965422,0.4444444444444444,0.4995775582939156,0.35515216230646024,0.004286892003297609,0.0021501819384717167,0.9981922265742693,0.5334844728129834,0.6842105263157895,0.5001712042563705
Armenia_DHS_2015-2016,Guatemala_DHS_2014_2015,0.6603755416466057,0.0011328235627301047,0.0005668934240362812,0.999854163628409,0.5631486370251761,0.6666666666666666,0.5002105285262226,0.6560423688011555,0.16542056074766356,0.10034013605442177,0.9419571241067523,0.5876545832469393,0.47074468085106386,0.521148630080587,0.6597977852672123,0.014504881450488146,0.007369614512471655,0.9954790724806767,0.5638756900358705,0.45614035087719296,0.5014243434965742,0.6650938854116514,0.055404671374253124,0.02891156462585034,0.9924165086772642,0.617276748821156,0.6623376623376623,0.5106640366515572
Armenia_DHS_2015-2016,Ghana_DHS_2022,0.45801133436373004,0.0,0.0,1.0,0.570691318052924,0.0,0.5,0.45801133436373004,0.002843601895734597,0.0014258555133079848,0.9983127109111362,0.5739354467573683,0.5,0.49986928321222207,0.45801133436373004,0.0,0.0,1.0,0.5672394859863049,0.0,0.5,0.45801133436373004,0.0,0.0,1.0,0.6199244996941922,0.0,0.5
Armenia_DHS_2015-2016,Gambia_DHS_2019_2020,0.4660965180207697,0.0,0.0,1.0,0.5531665472016699,0.0,0.5,0.46518020769700674,0.0056785917092561046,0.002860411899313501,0.9947575360419397,0.5182361568060558,0.38461538461538464,0.4988089739706266,0.4660965180207697,0.0,0.0,1.0,0.5301878424621586,0.0,0.5,0.4660965180207697,0.0,0.0,1.0,0.6073250537592485,0.0,0.5
Armenia_DHS_2015-2016,Cameroon_DHS_2018,0.4251316779533484,0.0,0.0,1.0,0.5227365158792672,0.0,0.5,0.42814145974416856,0.029787234042553193,0.015270506108202443,0.9864306784660767,0.5399429592220215,0.603448275862069,0.5008505922871396,0.42463004765487833,0.0026086956521739132,0.0013089005235602095,0.9970501474926253,0.5274892276328592,0.375,0.4991795240080928,0.4253824931025834,0.004345936549326379,0.002181500872600349,0.9976401179941002,0.5757493037215504,0.5555555555555556,0.4999108094333503
Armenia_DHS_2015-2016,Mali_DHS_2023_2024,0.27377385270462073,0.0,0.0,1.0,0.5628969713345042,0.0,0.5,0.2750354833622457,0.004331817197314273,0.002171552660152009,0.9988479262672811,0.5520081858528848,0.8333333333333334,0.5005097394637166,0.27377385270462073,0.0,0.0,1.0,0.517441095383199,0.0,0.5,0.27377385270462073,0.0,0.0,1.0,0.6368356499897427,0.0,0.5
Kyrgyz_Republic_DHS_2012,Gabon_DHS_2019_2021,0.3760463618802318,0.22376502002670226,0.13024557040721169,0.9244105409153953,0.5904925161363198,0.7935606060606061,0.5273280556613035,0.4928096157973814,0.534200670214863,0.42119987566055334,0.6525658807212206,0.5603407392333637,0.7300646551724138,0.536882878190887,0.4101738570508693,0.3540197461212976,0.23406900839291264,0.8030513176144244,0.554536686819372,0.7261330761812922,0.5185601630036685,0.5127709808971882,0.5622830698033167,0.45321728318308985,0.6456310679611651,0.5715173853190639,0.7404773996952768,0.5494241755721274
Kyrgyz_Republic_DHS_2012,Malawi_DHS_2024,0.5849056603773585,0.36267870579382994,0.24442190669371197,0.903271692745377,0.6512235786549869,0.7026239067055393,0.5738467997195444,0.5959323695172751,0.6035104592450108,0.6364097363083164,0.5580844001896633,0.6281999678764918,0.5738454503886603,0.5972470682489899,0.575104141141877,0.5225770925110133,0.481237322515213,0.662873399715505,0.6102641821922274,0.5716867469879519,0.5720553611153589,0.6116148002940456,0.5738101640225867,0.5410750507099391,0.6775723091512565,0.6509178523030343,0.6107613050944476,0.6093236799305979
Kyrgyz_Republic_DHS_2012,Rwanda_DHS_2019_2020,0.6469732246798603,0.46208425720620844,0.4144789180588703,0.781092244148692,0.6492479197722675,0.5220440881763527,0.5977855811037812,0.5742142025611175,0.5105386416861827,0.6070007955449482,0.5553005966039468,0.6164936657608626,0.4405311778290993,0.5811506960744475,0.589639115250291,0.5141281874569262,0.5934765314240255,0.5874254245066545,0.6196590511218862,0.4534954407294833,0.59045097796534,0.5940046565774156,0.5345345345345346,0.6372315035799523,0.5690683799908215,0.6418056132103542,0.4603448275862069,0.603149941785387
Kyrgyz_Republic_DHS_2012,Sierra_Leone_DHS_2019,0.35185185185185186,0.15709522045201926,0.0866721177432543,0.9614661654135338,0.600509347776637,0.8379446640316206,0.524069141578394,0.48205128205128206,0.5102370689655172,0.38716271463614066,0.700187969924812,0.5639216858581448,0.7480252764612955,0.5436753422804763,0.3903133903133903,0.2899800928998009,0.17865903515944398,0.8768796992481203,0.5542321282560448,0.7693661971830986,0.5277693672037821,0.49401709401709404,0.520259319286872,0.3937040065412919,0.724624060150376,0.5900155770661322,0.76671974522293,0.5591640333458339
Kyrgyz_Republic_DHS_2012,Haiti_DHS_2016-2017,0.3954195379002837,0.21561924796213516,0.12507626601586333,0.9305555555555556,0.6250753449287152,0.780952380952381,0.5278159107857094,0.5074989866234293,0.5012315270935961,0.3724832214765101,0.7747584541062802,0.6168448786080826,0.7659974905897114,0.5736208377913952,0.43453587353060397,0.3426013195098963,0.22178157413056743,0.8556763285024155,0.5969781341279736,0.7525879917184265,0.5387289513164915,0.5293879205512768,0.5354141656662665,0.4081757169005491,0.7693236714975845,0.6359226198371224,0.7779069767441861,0.5887496941990669
Kyrgyz_Republic_DHS_2012,Jordan_DHS_2023,0.6119368854333409,0.41422160856057993,0.39267015706806285,0.729701230228471,0.5873179271064326,0.4382761139517896,0.5611856936482669,0.5911273725131488,0.4206092028515878,0.424738219895288,0.6804920913884007,0.5848218147020123,0.4165596919127086,0.5526151556418444,0.6146809970272125,0.36962214739992516,0.32329842931937175,0.7711775043936732,0.582577590886924,0.4314410480349345,0.5472379668565225,0.5989023553624514,0.4381806534272902,0.4476439790575916,0.680140597539543,0.5971567644163086,0.42910915934755334,0.5638922882985673
Kyrgyz_Republic_DHS_2012,Armenia_DHS_2015-2016,0.6377663482733285,0.3687580025608195,0.6575342465753424,0.6339754816112084,0.699473806267943,0.25622775800711745,0.6457548640932754,0.559147685525349,0.34065934065934067,0.7077625570776256,0.5306479859894921,0.6650273092947563,0.22431259044862517,0.6192052715335589,0.6443791329904482,0.3277777777777778,0.5388127853881278,0.6646234676007006,0.646106726163344,0.23552894211576847,0.6017181264944143,0.6113152094048494,0.36798088410991636,0.7031963470319634,0.5936952714535902,0.7176546793656886,0.24919093851132687,0.6484458092427768
Kyrgyz_Republic_DHS_2012,Liberia_DHS_2019_2020,0.3449396471680594,0.195094124358243,0.11161879895561358,0.9196141479099679,0.5917616045267939,0.7737556561085973,0.5156164734327907,0.5380687093779016,0.6050019849146486,0.49738903394255873,0.6382636655948553,0.5910081183414069,0.7720364741641338,0.567826349768707,0.39090064995357476,0.3299284984678243,0.2108355091383812,0.8344051446945338,0.5762689630854734,0.7582159624413145,0.5226203269164574,0.5069637883008357,0.5541561712846348,0.4308093994778068,0.6945337620578779,0.6023298254598575,0.7764705882352941,0.5626715807678423
Kyrgyz_Republic_DHS_2012,Bolivia_DHS_2008,0.6829268292682927,0.755353666450357,0.8055363321799308,0.4930332261521972,0.7167324959111694,0.7110568112400732,0.649284779166064,0.6387720773759462,0.7349583461894477,0.8242214532871972,0.3515541264737406,0.6638239559110953,0.6631403118040089,0.5878877898804689,0.6244743481917577,0.6893913043478261,0.6858131487889273,0.5294748124330118,0.6508861914351518,0.693006993006993,0.6076439806109695,0.6501261564339781,0.7300454250486696,0.7785467128027682,0.4512325830653805,0.6864758916617526,0.6872327428222358,0.6148896479340744
Kyrgyz_Republic_DHS_2012,Congo_DRC_DHS_2021_2022,0.43096636412172984,0.2940786859186647,0.1835924578233543,0.881590840614643,0.5734741093616211,0.7385229540918163,0.5325916492189986,0.4996262680192205,0.5224215246636771,0.4239166391002316,0.6375414281410063,0.545409318953405,0.6805629314922995,0.530729033620619,0.4563801388147357,0.4075410217618992,0.2896129672510751,0.7601687255197349,0.5443749422550044,0.6874754613270514,0.524890846385405,0.5112653497063534,0.5232788251223831,0.41548130995699634,0.6857487194938234,0.5616745954013107,0.7066104078762306,0.5506150147254099
Kyrgyz_Republic_DHS_2012,Guatemala_DHS_2014_2015,0.6294655753490611,0.5163398692810458,0.5821995464852607,0.6537844538427884,0.6554842247044168,0.46386630532971995,0.6179920001640246,0.534520943668753,0.5246804326450344,0.7562358276643991,0.4204462592970687,0.6314147335080063,0.4016862390846131,0.5883410434807339,0.5854597977852672,0.4965501110981172,0.6017573696145124,0.5770745223858831,0.6185289450474662,0.42265578339637666,0.5894159460001978,0.5913336543090997,0.5487026797107614,0.7312925170068028,0.5193233192358174,0.6662650172606108,0.43907420013614706,0.6253079181213101
Kyrgyz_Republic_DHS_2012,Ghana_DHS_2022,0.4750128799587841,0.12980358667805295,0.07224334600760456,0.9516310461192351,0.6035549619985715,0.6386554621848739,0.5119371960634198,0.5337454920144256,0.43260188087774293,0.3279467680608365,0.7772778402699663,0.5965962310794801,0.6353591160220995,0.5526123041654014,0.48016486347243686,0.1836569579288026,0.10788973384030419,0.9206974128233971,0.5810377255599704,0.6168478260869565,0.5142935733318507,0.5636269963936116,0.49553305539011316,0.39543726235741444,0.7626546681664792,0.6141415515788663,0.6634768740031898,0.5790459652619468
Kyrgyz_Republic_DHS_2012,Gambia_DHS_2019_2020,0.4770922419059255,0.09225874867444327,0.04977116704805492,0.9665792922673656,0.6268470838044453,0.6304347826086957,0.5081752296577102,0.5363469761759316,0.44759825327510916,0.35183066361556065,0.7477064220183486,0.5931999424168718,0.615,0.5497685428169546,0.49572388515577276,0.25797752808988766,0.16418764302059496,0.8754914809960681,0.5865062786603525,0.6016771488469602,0.5198395620083316,0.5519242516799022,0.5032170673890959,0.42505720823798626,0.6972477064220184,0.6080229117868465,0.616597510373444,0.5611524573300023
Kyrgyz_Republic_DHS_2012,Cameroon_DHS_2018,0.490845247052922,0.303840877914952,0.1932809773123909,0.8932153392330383,0.5993142751239401,0.7099358974358975,0.5432481582727147,0.5287183345874091,0.5338625651203175,0.4694589877835951,0.6088495575221239,0.5529707022502278,0.6187464059804485,0.5391542726528595,0.49510910458991725,0.436607892527288,0.3403141361256545,0.7044247787610619,0.5406186453330039,0.6088992974238876,0.5223694574433582,0.5472786556308001,0.5389527458492975,0.46029668411867364,0.6648967551622419,0.5811425659083538,0.6500308071472581,0.5625967196404578
Kyrgyz_Republic_DHS_2012,Mali_DHS_2023_2024,0.3150922567418388,0.1256291524058788,0.06775244299674267,0.9711981566820277,0.6474441725833971,0.861878453038674,0.5194752998393852,0.5178993849550544,0.56496371139889,0.43105320304017375,0.7482718894009217,0.6338839770435862,0.8195706028075971,0.5896625462205477,0.3884245387162908,0.32790294627383015,0.20542888165038004,0.8738479262672811,0.594157572664455,0.8120171673819743,0.5396384039588306,0.5776691373600379,0.6486486486486487,0.5368078175895765,0.6860599078341014,0.64528394051747,0.819356977129599,0.611433862711839
Liberia_DHS_2019_2020,Gabon_DHS_2019_2021,0.6907061601201975,0.8165966653939163,0.9972023624494871,0.006934812760055479,0.5875635978593265,0.6913793103448276,0.5020685876047714,0.6205194247692638,0.737061273051755,0.7702828722412185,0.28640776699029125,0.5450327382658959,0.7065868263473054,0.5283453196157548,0.6643056449881949,0.7868629054238212,0.8974199564811937,0.14424410540915394,0.5557890273456245,0.7005581169619024,0.5208320309451738,0.6724619016956428,0.7913019693654267,0.8992850481815355,0.1664355062413315,0.5862557486515163,0.7064713064713065,0.5328602772114335
Liberia_DHS_2019_2020,Malawi_DHS_2024,0.5069835824552805,0.6566552901023891,0.9756592292089249,0.0687529634898056,0.5938710943248149,0.4948559670781893,0.5222060963493652,0.5949522175937271,0.5805633088048718,0.5801217038539553,0.6088193456614509,0.6308833387673999,0.5810055865921788,0.5944705247577031,0.5971575594217103,0.6622843056696796,0.8174442190669371,0.3911806543385491,0.6330386915152582,0.5566298342541437,0.604312436702743,0.5895613820142122,0.6685137542054225,0.8564908722109533,0.3399715504978663,0.671726840537559,0.5481986368062317,0.5982312113544098
Liberia_DHS_2019_2020,Rwanda_DHS_2019_2020,0.5224097788125728,0.4476607202961966,0.5290373906125696,0.5185865075722809,0.5316901806971368,0.3879813302217036,0.5238119490924252,0.5814901047729919,0.4320695102685624,0.43516308671439935,0.6659017898118403,0.583858433159803,0.42901960784313725,0.5505324382631198,0.5389988358556461,0.5466514024041214,0.7597454256165473,0.4116567232675539,0.592377773956436,0.426911041573536,0.5857010744420507,0.5264842840512224,0.5524071526822558,0.7987271280827367,0.3694355208811381,0.629705224857366,0.4222035323801514,0.5840813244819374
Liberia_DHS_2019_2020,Sierra_Leone_DHS_2019,0.6968660968660969,0.8213566151779718,1.0,0.0,0.5423009178711292,0.6968660968660969,0.5,0.662962962962963,0.7877265386685807,0.8973834832379395,0.12406015037593984,0.5255211823508075,0.7019507515190279,0.5107218168069396,0.6814814814814815,0.8065074420214607,0.9525756336876533,0.05827067669172932,0.5358967994393178,0.6992797118847539,0.5054231551896913,0.6934472934472935,0.8139052231061916,0.9619787408013083,0.07612781954887218,0.5842296998629034,0.705335731414868,0.5190532801750902
Liberia_DHS_2019_2020,Haiti_DHS_2016-2017,0.6639643291447102,0.797607421875,0.9966442953020134,0.005434782608695652,0.5914853230289472,0.6648351648351648,0.5010395389553545,0.6307255776246453,0.7320588235294118,0.7593044539353264,0.37620772946859904,0.6145922678786699,0.7067007382169223,0.5677560917019627,0.6657884069720308,0.7796927187708751,0.8901769371568029,0.22161835748792272,0.6248431388586773,0.6936058949370097,0.5558976473223628,0.6724766923388731,0.784360821990926,0.8965832824893227,0.2288647342995169,0.6529309545705081,0.6971062618595826,0.5627240083944198
Liberia_DHS_2019_2020,Jordan_DHS_2023,0.5078893208323805,0.469166255550074,0.6223821989528796,0.44639718804920914,0.5639709603511258,0.37648456057007124,0.5343896935010444,0.5872398810884976,0.39040864572779466,0.3782722513089005,0.6994727592267135,0.5730051343865881,0.4033496161898116,0.538872505267807,0.5284701577864166,0.5148235294117647,0.7159685863874345,0.42776801405975395,0.5772069581059819,0.4019103600293902,0.5718683002235943,0.5515664303681683,0.5149641355429136,0.681282722513089,0.4818980667838313,0.6184320337875763,0.41391650099403576,0.5815903946484602
Liberia_DHS_2019_2020,Armenia_DHS_2015-2016,0.7244673034533431,0.14187643020594964,0.1415525114155251,0.8362521891418564,0.41316603891274617,0.14220183486238533,0.4889023502786908,0.5973548861131521,0.30982367758186397,0.5616438356164384,0.6042031523642732,0.6017721053347087,0.21391304347826087,0.5829234939903558,0.4342395297575312,0.3257443082311734,0.8493150684931506,0.35464098073555167,0.6150788890754822,0.20151679306608883,0.6019780246143511,0.47538574577516535,0.33766233766233766,0.8310502283105022,0.4071803852889667,0.661574662732209,0.21187427240977882,0.6191153067997345
Liberia_DHS_2019_2020,Kyrgyz_Republic_DHS_2012,0.46004976499861766,0.5401459854014599,0.7204773869346733,0.2553086419753086,0.5084152242694957,0.432015065913371,0.487893014454991,0.5653856787392867,0.342809364548495,0.25753768844221103,0.8074074074074075,0.5934847074880576,0.5125,0.5324725479248092,0.5811445949682057,0.620395890754197,0.7776381909547738,0.4266666666666667,0.612426949562628,0.516048353480617,0.6021524288107203,0.5800387061100359,0.6279696301738917,0.8052763819095478,0.40296296296296297,0.6483793969849246,0.5146527498996387,0.6041196724362554
Liberia_DHS_2019_2020,Bolivia_DHS_2008,0.40159798149705633,0.31685069611137784,0.22837370242214533,0.669882100750268,0.3979869231596554,0.5172413793103449,0.44912790158620663,0.5361648444070648,0.6005070626584571,0.5737024221453287,0.4780278670953912,0.534124026005333,0.6299392097264438,0.5258651446203599,0.6080740117746005,0.7187688593844297,0.8242214532871972,0.2733118971061093,0.5666488649554773,0.637239165329053,0.5487666751966532,0.6282590412111018,0.730816077953715,0.8304498269896193,0.31511254019292606,0.6287705322340776,0.6525285481239804,0.5727811835912727
Liberia_DHS_2019_2020,Congo_DRC_DHS_2021_2022,0.6492258408969568,0.7825223435948362,0.9775057889513729,0.051220247062368184,0.5680899086714619,0.6523898885086654,0.5143630180068706,0.5281366791243993,0.5886623848087127,0.5229904068805822,0.5375112985839108,0.5446850584207428,0.6731956568022142,0.5302508527322465,0.607367859049653,0.714052414651217,0.7593450215018194,0.33052124133775235,0.5562569063512968,0.6738587993541758,0.5449331314197858,0.6256273358248798,0.7337484811664642,0.7990406880582203,0.30973184694184996,0.5882937800255289,0.6783206964335861,0.5543862675000351
Liberia_DHS_2019_2020,Guatemala_DHS_2014_2015,0.5506018295618681,0.4473653049141504,0.5354308390022676,0.5584074668222254,0.5544321442543281,0.3841773439088875,0.5469191529122466,0.556090515166105,0.4940737489025461,0.6380385487528345,0.5139273734869476,0.5993182893691238,0.4031160458452722,0.575982961119891,0.48059701492537316,0.5384220434708198,0.8917233560090703,0.269068105585533,0.6159628986979556,0.3856337337582741,0.5803957307973017,0.4862782859894078,0.5461505742237346,0.9098639455782312,0.26833892372757767,0.6798904044627914,0.39017867995624167,0.5891014346529044
Liberia_DHS_2019_2020,Ghana_DHS_2022,0.54198866563627,0.7029736050785166,1.0,0.0,0.5903520318040093,0.54198866563627,0.5,0.5821741370427614,0.6952273581360391,0.879277566539924,0.23059617547806524,0.6281660728720697,0.5748912367930391,0.5549368710089946,0.5700669757856774,0.7032888888888889,0.9401140684410646,0.13217097862767155,0.6159750616961853,0.5617722238000568,0.5361425235343681,0.577537351880474,0.7096317280453258,0.9524714828897338,0.13385826771653545,0.6495323867548876,0.5654627539503386,0.5431648753031346
Liberia_DHS_2019_2020,Gambia_DHS_2019_2020,0.5339034819792303,0.6961369972122661,1.0,0.0,0.6083151386643714,0.5339034819792303,0.5,0.5464263897373244,0.6957590657652121,0.971395881006865,0.05963302752293578,0.5571242625910607,0.5419725502713054,0.5155144542649004,0.5354306658521686,0.6959824105536678,0.9959954233409611,0.007863695937090432,0.5947632343723289,0.5348694316436252,0.5019295596390257,0.5342089187538179,0.6962756423023302,1.0,0.000655307994757536,0.642691253962589,0.5340666055606478,0.5003276539973788
Liberia_DHS_2019_2020,Cameroon_DHS_2018,0.580887885628292,0.7284251584592881,0.9777486910994765,0.04424778761061947,0.5707205259283283,0.5804195804195804,0.510998239355048,0.5467770253323301,0.603118822754228,0.5990401396160558,0.4761061946902655,0.5479986820903283,0.6072534276868642,0.5375731671531607,0.5921745673438675,0.7007729112992271,0.8307155322862129,0.2696165191740413,0.5622673709246475,0.6059834500318269,0.5501660257301271,0.5974416854778029,0.69893078221722,0.81282722513089,0.30619469026548674,0.6043023830483869,0.6130306021717671,0.5595109576981884
Liberia_DHS_2019_2020,Mali_DHS_2023_2024,0.7262261472953793,0.8414032523296181,1.0,0.0,0.6035542913182925,0.7262261472953793,0.5,0.7132944330547232,0.8227033352837917,0.9159609120521173,0.17569124423963134,0.6004807187138804,0.7466808284652151,0.5458260781458744,0.7273300741208011,0.83647025442164,0.9602605863192183,0.10944700460829493,0.6088799116368203,0.7409517426273459,0.5348537954637567,0.7312726699258792,0.8367503353132784,0.9483170466883822,0.15552995391705068,0.6666950619693081,0.7486713526487228,0.5519235003027164
Bolivia_DHS_2008,Gabon_DHS_2019_2021,0.5112685125563425,0.5484830458060678,0.42990363692881567,0.6927877947295423,0.5984264851644157,0.7573932092004381,0.561345715829179,0.558488946125778,0.631163708086785,0.5470935654336339,0.5839112343966713,0.5981578878159846,0.7457627118644068,0.5655023999151525,0.5675037561708521,0.6398570151921358,0.5564190239353435,0.5922330097087378,0.6050385930845021,0.7527333894028595,0.5743260168220407,0.5245760892895471,0.5630301834681397,0.4435809760646565,0.7052704576976422,0.609992877643345,0.7705183585313174,0.5744257168811493
Bolivia_DHS_2008,Malawi_DHS_2024,0.5910316098995344,0.6049704142011835,0.6480730223123732,0.5376955903271693,0.6320127109067004,0.5672436750998668,0.5928843063197713,0.6023033570203381,0.6201731804352913,0.6719066937119675,0.5372214319582741,0.6342647227135324,0.5758365927857453,0.6045640628351208,0.6069590786571919,0.6280148423005566,0.6866125760649088,0.5324798482693219,0.6490530778456475,0.5786324786324787,0.6095462121671154,0.6260720411663808,0.6167754897036665,0.6227180527383367,0.629208155523945,0.6698829848317411,0.6109452736318408,0.6259631041311409
Bolivia_DHS_2008,Rwanda_DHS_2019_2020,0.5154249126891735,0.5406896551724137,0.7796340493237868,0.3630105553005966,0.608827007491412,0.41385135135135137,0.5713223023121917,0.5550058207217695,0.5178177231157364,0.6531424025457438,0.4983937586048646,0.613078919592275,0.428944618599791,0.5757680805753043,0.5654831199068685,0.5240675804909148,0.6539379474940334,0.5144561725562184,0.6189381683773256,0.4372340425531915,0.584197060025126,0.6038998835855646,0.540047313281514,0.6356404136833731,0.5855897200550712,0.6507760305483419,0.4694477085781434,0.6106150668692221
Bolivia_DHS_2008,Sierra_Leone_DHS_2019,0.6042735042735042,0.6982402780795134,0.6569910057236305,0.4830827067669173,0.59802370296141,0.7450162262401484,0.5700368562452739,0.6162393162393163,0.7154024931333193,0.6921504497138184,0.4417293233082707,0.6008517051008553,0.740271097507652,0.5669398865110445,0.6082621082621082,0.7002398081534772,0.6565821749795585,0.49718045112781956,0.60180346614697,0.7501167678654834,0.5768813130536891,0.5561253561253561,0.6171990171990172,0.5134914145543745,0.6541353383458647,0.6246885739491821,0.7733990147783252,0.5838133764501197
Bolivia_DHS_2008,Haiti_DHS_2016-2017,0.5962707742197001,0.7072310405643739,0.7339841366687004,0.32367149758454106,0.5622555434708922,0.6823596142938173,0.5288278171266207,0.6092419943250912,0.6846581615963363,0.6384990848078096,0.5513285024154589,0.6236010528394538,0.7380112834978844,0.5949137936116342,0.5968788001621402,0.6590090862334991,0.586333129957291,0.6177536231884058,0.6254126470423523,0.7522504892367906,0.6020433765728483,0.5703283340089177,0.6081330868761553,0.5018303843807199,0.7059178743961353,0.6426037254659226,0.7715759849906192,0.6038741293884275
Bolivia_DHS_2008,Jordan_DHS_2023,0.48342099245369313,0.45892215568862277,0.6269633507853403,0.4063268892794376,0.5393275149752942,0.36191915375897243,0.5166451200323889,0.568717127829865,0.49355531686358756,0.6014397905759162,0.5511423550087874,0.5974808840714397,0.418488160291439,0.5762910727923518,0.5918134004116168,0.4754628269174258,0.5294502617801047,0.6253075571177504,0.6103184607881926,0.43146666666666667,0.5773789094489276,0.6062199862794421,0.4685185185185185,0.4967277486910995,0.6650263620386643,0.6185729303729331,0.4433411214953271,0.5808770553648819
Bolivia_DHS_2008,Armenia_DHS_2015-2016,0.6260102865540044,0.3499361430395913,0.6255707762557078,0.6260945709281961,0.6758710585450504,0.2429078014184397,0.6258326735919519,0.6208670095518002,0.33676092544987146,0.5981735159817352,0.6252189141856392,0.661016881382498,0.23434704830053668,0.6116962150836872,0.6098457016899339,0.33707865168539325,0.6164383561643836,0.6085814360770578,0.6601372262073266,0.23195876288659795,0.6125098961207207,0.6245407788390889,0.3588456712672522,0.6529680365296804,0.6190893169877408,0.6914829386880343,0.24740484429065743,0.6360286767587107
Bolivia_DHS_2008,Kyrgyz_Republic_DHS_2012,0.5833563726845452,0.5199107996177127,0.5125628140703518,0.6390123456790123,0.6207776537006018,0.5274725274725275,0.5757875798746821,0.5935858446226154,0.5569620253164557,0.5804020100502513,0.6039506172839506,0.6170751907686581,0.5353418308227115,0.592176313667101,0.5993917611280066,0.5827814569536424,0.635678391959799,0.5708641975308641,0.6354001488926113,0.5380116959064327,0.6032712947453316,0.6170859828587227,0.5839591468909583,0.6105527638190955,0.6222222222222222,0.6583496184626838,0.5595854922279793,0.6163874930206589
Bolivia_DHS_2008,Liberia_DHS_2019_2020,0.5622098421541318,0.6513863216266174,0.575065274151436,0.5305466237942122,0.560325069471846,0.7510656436487638,0.5528059489728241,0.5803156917363046,0.6789772727272727,0.6240208877284595,0.47266881028938906,0.5577539815133529,0.7445482866043613,0.5483448490089243,0.5914577530176416,0.6883852691218131,0.6344647519582245,0.4855305466237942,0.5747084701082166,0.7523219814241486,0.5599976492910094,0.5348189415041783,0.6042654028436019,0.4993472584856397,0.6221864951768489,0.5913460327588089,0.765,0.5607668768312443
Bolivia_DHS_2008,Congo_DRC_DHS_2021_2022,0.6345969033635879,0.7487518355359765,0.843367515712868,0.2542934618861103,0.5936408295664741,0.6732241880116187,0.5488304887994891,0.6144153764014949,0.7141160636529175,0.745947734039034,0.37481169026815303,0.5927407302276401,0.6848899012908124,0.5603797121535935,0.598505072076882,0.6901779828609097,0.6926893814091961,0.42693582404338654,0.5897502994268009,0.6876847290640394,0.5598126027262913,0.5634810464495462,0.6203566121842496,0.5524313595765795,0.5836095209400421,0.6042079021167136,0.7073274036425243,0.5680204402583109
Bolivia_DHS_2008,Guatemala_DHS_2014_2015,0.48290804044294655,0.5230905861456483,0.8347505668934241,0.30188128919352486,0.5955990485251512,0.38088463528194516,0.5683159280434744,0.5761194029850746,0.5465595385249279,0.751984126984127,0.48563511739827914,0.671396717259652,0.4292880258899676,0.6188096221912031,0.587481945113144,0.5500945179584121,0.7423469387755102,0.5078022458801225,0.6790575498100654,0.4369369369369369,0.6250745923278163,0.6358208955223881,0.5626734505087881,0.689625850340136,0.608137669534782,0.700287530791812,0.4751953125,0.648881759937459
Bolivia_DHS_2008,Ghana_DHS_2022,0.529881504379186,0.5758772949105275,0.5888783269961977,0.46006749156355453,0.5362197774232594,0.5634379263301501,0.5244729092798761,0.5958268933539412,0.6446206115515288,0.6763307984790875,0.500562429696288,0.6342581702002079,0.6157507572479446,0.5884466140876877,0.5947964966512107,0.6335895644071745,0.6463878326996197,0.5337457817772778,0.6398717745833101,0.6212882594792143,0.5900668072384487,0.6128284389489954,0.6139224248651426,0.5679657794676806,0.6659167604049494,0.6666338315362671,0.6679709334823924,0.616941269936315
Bolivia_DHS_2008,Gambia_DHS_2019_2020,0.5598656078191814,0.49491763056431826,0.40389016018306634,0.7385321100917431,0.6341068316983124,0.6389140271493212,0.5712111351374047,0.6004886988393403,0.64340239912759,0.6750572082379863,0.5150720838794234,0.6263271111564311,0.6145833333333334,0.5950646460587048,0.6026267562614539,0.6302926967888605,0.6344393592677345,0.5661861074705111,0.631048852686163,0.6261998870694523,0.6003127333691228,0.6017104459376909,0.5855054036872218,0.5268878718535469,0.6874180865006553,0.6694186728288611,0.6587982832618026,0.6071529791771011
Bolivia_DHS_2008,Cameroon_DHS_2018,0.5886631552545774,0.639877031181379,0.6356893542757417,0.5250737463126843,0.6089401638120537,0.6441202475685235,0.580381550294213,0.6077251065964384,0.6781893004115226,0.7190226876090751,0.45722713864306785,0.6339827642125747,0.6417445482866043,0.5881249131260715,0.6122397792826687,0.6734262779890157,0.6954624781849913,0.49970501474926254,0.6348563941785459,0.6527436527436528,0.597583746467127,0.5956859794331577,0.6152744630071599,0.56239092495637,0.6407079646017699,0.6372838447955439,0.6791359325605901,0.6015494447790699
Bolivia_DHS_2008,Mali_DHS_2023_2024,0.5816117331651159,0.6568361143448455,0.551357220412595,0.6618663594470046,0.6347930019964274,0.8122200895713372,0.6066117899297998,0.6420123008989118,0.7455727415377718,0.722258414766558,0.42914746543778803,0.619703087707711,0.7704424368774612,0.575702940102173,0.6183567260684435,0.7093442229161663,0.6412595005428882,0.5576036866359447,0.6267344276157453,0.7936038699274388,0.5994315935894164,0.5825579561583346,0.6505610561056105,0.535070575461455,0.7085253456221198,0.6669430517820242,0.8296296296296296,0.6217979605417874
Congo_DRC_DHS_2021_2022,Gabon_DHS_2019_2021,0.6825499034127496,0.7942690221171234,0.8874728007460366,0.22538141470180306,0.6275488185381319,0.7187814702920443,0.5564271077239198,0.6525005365958361,0.754212843479581,0.7721479639415605,0.3855755894590846,0.611998303913373,0.7370919881305638,0.5788617767003226,0.6718179866924233,0.7864823348694316,0.8753497046938141,0.217753120665742,0.6098848782279644,0.7139959432048681,0.546551412679778,0.6851255634256278,0.7938738232401292,0.878147342244327,0.25450762829403606,0.6214750909372324,0.7243589743589743,0.5663274852691815
Congo_DRC_DHS_2021_2022,Malawi_DHS_2024,0.5300171526586621,0.6535404624277457,0.9173427991886409,0.1678520625889047,0.6469780338681801,0.5075757575757576,0.5425974308887728,0.555501102670914,0.6473561430793157,0.8443204868154158,0.285443338074917,0.6274793529517562,0.524905422446406,0.5648819124451664,0.5363881401617251,0.6537335285505125,0.9056795131845842,0.19108582266477003,0.6308852623307626,0.5114547537227949,0.548382667924677,0.5653026219063955,0.6614503816793893,0.8788032454361054,0.2721669037458511,0.6639005825511644,0.5302937576499388,0.5754850745909783
Congo_DRC_DHS_2021_2022,Rwanda_DHS_2019_2020,0.5270663562281723,0.5358469008854613,0.7462211614956245,0.4006424965580542,0.614776252526923,0.4180035650623886,0.5734318290268393,0.6056461001164144,0.5113595384060584,0.5640413683373111,0.6296466268930702,0.631351626851084,0.46767810026385226,0.5968439976151907,0.5558789289871944,0.5452920143027413,0.7279236276849642,0.45663148233134465,0.6326783869897186,0.43592186755597906,0.5922775550081545,0.6231082654249127,0.5198368557656655,0.5576770087509945,0.6608536025699863,0.6495560610923026,0.48680555555555555,0.6092653056604904
Congo_DRC_DHS_2021_2022,Sierra_Leone_DHS_2019,0.7,0.8209488182281924,0.9869174161896974,0.040413533834586464,0.6198577238271475,0.7027656477438137,0.513665475012142,0.674074074074074,0.7886178861788617,0.8724448078495503,0.21804511278195488,0.5993958219342306,0.7194875252865812,0.5452449603157525,0.6948717948717948,0.8131868131868132,0.9529844644317252,0.10150375939849623,0.6037609738778672,0.709157286279282,0.5272441119151108,0.7011396011396012,0.8153494103150853,0.946852003270646,0.1362781954887218,0.6250217095272933,0.715919629057187,0.5415650993796839
Congo_DRC_DHS_2021_2022,Haiti_DHS_2016-2017,0.6674098094852047,0.7977320350055467,0.9871873093349604,0.034420289855072464,0.6278634757260377,0.6692864529472595,0.5108037995950164,0.6351844345358735,0.7479697563707645,0.8148261134838316,0.27958937198067635,0.5827521273428773,0.6912525879917184,0.5472077427322539,0.6572760437778679,0.7796168382640427,0.9124466137888957,0.15217391304347827,0.6000726185107568,0.6805460750853243,0.5323102634161869,0.6639643291447102,0.7823004201680672,0.9087858450274557,0.1793478260869565,0.6264621337389065,0.6867219917012448,0.5440668355572061
Congo_DRC_DHS_2021_2022,Jordan_DHS_2023,0.5309855934141322,0.5010946241790318,0.6740837696335078,0.4541300527240773,0.6002171532678806,0.3987611304684475,0.5641069111787925,0.489137891607592,0.5154013015184382,0.7774869109947644,0.3342706502636204,0.586261030189825,0.3854639844256976,0.5558787806291924,0.47038646238280357,0.5214876033057851,0.8259162303664922,0.27943760984182775,0.5964518214190413,0.3810386473429952,0.5526769201041599,0.5351017608049394,0.5308100623124856,0.7526178010471204,0.4182776801405975,0.6190301254152136,0.40998217468805703,0.585447740593859
Congo_DRC_DHS_2021_2022,Armenia_DHS_2015-2016,0.7229977957384276,0.19271948608137046,0.2054794520547945,0.8222416812609457,0.5757423090148662,0.1814516129032258,0.51386056665787,0.5334313005143277,0.3336831059811123,0.726027397260274,0.4964973730297723,0.6341953954050012,0.21662125340599456,0.6112623851450232,0.4562821454812638,0.3211009174311927,0.7990867579908676,0.3905429071803853,0.6482658797751282,0.20091848450057406,0.5948148325856264,0.5907421013960323,0.3097893432465923,0.5707762557077626,0.5945709281961471,0.6136174619549136,0.21258503401360543,0.5826735919519548
Congo_DRC_DHS_2021_2022,Kyrgyz_Republic_DHS_2012,0.5474149847940282,0.5729193842942865,0.6896984924623115,0.43555555555555553,0.586606489236305,0.4899598393574297,0.5626270240089335,0.5593032900193531,0.5946083418107834,0.7342964824120602,0.4217283950617284,0.6147043861281718,0.4995726495726496,0.5780124387368943,0.5280619297760575,0.6031155545222041,0.8146984924623115,0.30271604938271607,0.6120297475029468,0.47877445551864156,0.5587072709225138,0.5758916228918993,0.570067264573991,0.6388190954773869,0.5264197530864198,0.6094959364724859,0.5146761133603239,0.5826194242819034
Congo_DRC_DHS_2021_2022,Liberia_DHS_2019_2020,0.7000928505106778,0.8207547169811321,0.9654046997389034,0.04662379421221865,0.5709714724673209,0.7138030888030888,0.5060142469755611,0.6778087279480037,0.7941874258600238,0.8740208877284595,0.1945337620578778,0.5747535953254472,0.7277173913043479,0.5342773248931687,0.6977715877437326,0.8161536289183846,0.9432114882506527,0.0932475884244373,0.5809105639182961,0.7192633150821304,0.518229538337545,0.6996285979572887,0.8161409491332765,0.9373368146214099,0.11414790996784566,0.6029657761957133,0.7226975339708103,0.5257423622946278
Congo_DRC_DHS_2021_2022,Bolivia_DHS_2008,0.44575273338940286,0.24857468643101482,0.1508650519031142,0.902465166130761,0.5074563209055137,0.7055016181229773,0.5266651090169376,0.6433978132884777,0.7467144563918757,0.8650519031141869,0.30010718113612006,0.6624172498581425,0.6568575932737782,0.5825795421251535,0.6253153910849454,0.7528432732316227,0.9391003460207612,0.13933547695605572,0.6357888568705333,0.6282407407407408,0.5392179114884085,0.605130361648444,0.676764199655766,0.6802768166089965,0.4887459807073955,0.6237411779540641,0.6732876712328767,0.584511398658196
Congo_DRC_DHS_2021_2022,Guatemala_DHS_2014_2015,0.5728454501685123,0.5182450043440486,0.6763038548752834,0.5196149919789995,0.6425745642187651,0.42007042253521126,0.5979594234271415,0.5046701974000963,0.5447787610619469,0.8724489795918368,0.3154440717514948,0.6792559253053222,0.3960370560988163,0.5939465256716658,0.4531535869041887,0.5322461082283173,0.9158163265306123,0.21510864809683536,0.6721656858261267,0.37513061650992685,0.5654624873137238,0.5481945113143958,0.5586077140169332,0.8415532879818595,0.39725827621408777,0.7010717733206743,0.41805125316812164,0.6194057820979736
Congo_DRC_DHS_2021_2022,Ghana_DHS_2022,0.5564142194744977,0.7049348869088417,0.9776615969581749,0.05793025871766029,0.6646641246840344,0.5511789924973205,0.5177959278379176,0.5886141164348274,0.6973659276103847,0.8745247148288974,0.250281214848144,0.6465990111502222,0.579892845887173,0.5624029648385207,0.5721277691911386,0.7073127753303965,0.9538973384030418,0.1203599550056243,0.6469255358051726,0.5620274432931952,0.537128646704333,0.5909325090159712,0.7125271542360608,0.935361216730038,0.18335208098987626,0.6763158288673992,0.5754385964912281,0.5593566488599572
Congo_DRC_DHS_2021_2022,Gambia_DHS_2019_2020,0.5788026878436163,0.7109620624607,0.9702517162471396,0.13040629095674966,0.6759100833455797,0.5610320873304664,0.5503290036019446,0.592547342700061,0.7043439716312057,0.9090389016018307,0.23001310615989515,0.639577978652255,0.5748914616497829,0.5695260038808629,0.5726939523518632,0.7055356766996422,0.9588100686498856,0.13040629095674966,0.6480838614286013,0.5581085581085581,0.5446081798033177,0.5821624923640807,0.7112705783030815,0.9639588100686499,0.14482306684141547,0.6629400085774868,0.5635451505016722,0.5543909384550327
Congo_DRC_DHS_2021_2022,Cameroon_DHS_2018,0.6112365186857286,0.7260516083421704,0.8961605584642234,0.22595870206489677,0.6426971845125022,0.6102198455139631,0.5610596302645601,0.6087283671933785,0.7087378640776699,0.8280977312390925,0.31209439528023597,0.6368618305559417,0.6194516971279374,0.5700960632596642,0.6072234762979684,0.722537207654146,0.8896160558464223,0.22536873156342183,0.6411693616889835,0.6082935560859188,0.5574923937049221,0.6232756458490093,0.7212323682256867,0.8477312390924956,0.31976401179941005,0.6540847477695922,0.6275839793281653,0.5837476254459528
Congo_DRC_DHS_2021_2022,Mali_DHS_2023_2024,0.729695631603848,0.8405877976190477,0.9813246471226927,0.06221198156682028,0.6520520922459558,0.7351553603383765,0.5217683143447565,0.7259107396309731,0.839608711701735,0.9878393051031488,0.03110599078341014,0.6028774323641404,0.730059380516771,0.5094726479432794,0.7263838511275824,0.8392774432607689,0.9837133550488599,0.04377880184331797,0.6221784200703503,0.7318255250403877,0.513746078446089,0.7293802239394417,0.8414634146341463,0.9889250814332248,0.04089861751152074,0.6599001411008872,0.7322720694645442,0.5149118494723728
Guatemala_DHS_2014_2015,Gabon_DHS_2019_2021,0.34406525005365957,0.12082853855005754,0.06527820951196767,0.9660194174757282,0.5920980643314362,0.8108108108108109,0.515648813493848,0.3923588752951277,0.2772529997447026,0.16879079888094498,0.891123439667129,0.5906105394495349,0.7757142857142857,0.529957119274037,0.37540244687701224,0.22811671087533156,0.1336649051911719,0.9147018030513177,0.5891467270141244,0.7775768535262206,0.5241833541212448,0.4187593904271303,0.3471552555448409,0.22381100404103202,0.8536754507628294,0.606021797343085,0.7733619763694952,0.5387432274019307
Guatemala_DHS_2014_2015,Malawi_DHS_2024,0.5341827983337417,0.10203117619272556,0.05476673427991886,0.9824561403508771,0.6697419635927163,0.7448275862068966,0.518611437315398,0.5645675079637343,0.2505272037115141,0.15060851926977686,0.9516358463726885,0.6759680573067998,0.7443609022556391,0.5511221828212327,0.5758392550845381,0.29260318757662446,0.1815415821501014,0.9445234708392604,0.6712360914346609,0.7536842105263157,0.5630325264946809,0.6067140406763049,0.41100917431192663,0.2839756592292089,0.9084874348032242,0.6898305773479254,0.7436918990703851,0.5962315470162166
Guatemala_DHS_2014_2015,Rwanda_DHS_2019_2020,0.6411525029103609,0.0623574144486692,0.03261734287987271,0.992198256080771,0.6486458758898768,0.7068965517241379,0.5124077994803218,0.6571594877764843,0.24,0.14797136038186157,0.9508949059201468,0.6441037121901656,0.6348122866894198,0.5494331331510042,0.6548311990686845,0.24265644955300128,0.1511535401750199,0.945387792565397,0.641358552728858,0.6148867313915858,0.5482706663702084,0.659778812572759,0.2928009679370841,0.19252187748607796,0.9293253786140432,0.6481915134813652,0.6111111111111112,0.5609236280500606
Guatemala_DHS_2014_2015,Sierra_Leone_DHS_2019,0.34045584045584043,0.12476370510396975,0.06745707277187245,0.9680451127819549,0.6209689442330273,0.8291457286432161,0.5177510927769137,0.42450142450142453,0.35709739019732656,0.22935404742436633,0.8731203007518797,0.6151992050854855,0.8060344827586207,0.551237174088123,0.4336182336182336,0.3728706624605678,0.24161896974652494,0.875,0.6134078809042229,0.8162983425414365,0.5583094848732625,0.46638176638176637,0.4447079750963534,0.30662305805396567,0.8336466165413534,0.6277692135080136,0.8090614886731392,0.5701348372976596
Guatemala_DHS_2014_2015,Haiti_DHS_2016-2017,0.35934333198216456,0.08668015024559377,0.04575960951799878,0.980072463768116,0.6445314687581977,0.819672131147541,0.5129160366430574,0.4264288609647345,0.30535100638193424,0.18974984746796827,0.894927536231884,0.6162813574908701,0.7814070351758794,0.5423386918499261,0.43514389947304416,0.32567142511492864,0.20530811470408786,0.8900966183574879,0.6263948022683797,0.7871345029239766,0.5477023665307879,0.4641264693960276,0.392183908045977,0.2602196461256864,0.8677536231884058,0.646338273307926,0.7957089552238806,0.5639866346570461
Guatemala_DHS_2014_2015,Jordan_DHS_2023,0.6455522524582666,0.19689119170984457,0.1243455497382199,0.9254833040421793,0.6179034128028414,0.472636815920398,0.5249144268901996,0.6338897781843128,0.18191108840061318,0.11649214659685864,0.9117750439367311,0.5989717424709465,0.4149184149184149,0.5141335952667949,0.643722844729019,0.13444444444444445,0.07918848167539266,0.9469244288224956,0.5960486846584898,0.44485294117647056,0.5130564552489442,0.6357191859135605,0.2031015507753877,0.13285340314136126,0.9057996485061511,0.6201286587105145,0.4309978768577495,0.5193265258237562
Guatemala_DHS_2014_2015,Armenia_DHS_2015-2016,0.8016164584864071,0.20118343195266272,0.1552511415525114,0.925569176882662,0.6766827403657767,0.2857142857142857,0.5404101592175867,0.7957384276267451,0.23626373626373626,0.1963470319634703,0.9106830122591943,0.6520803844892802,0.296551724137931,0.5535150221113323,0.8104335047759,0.23214285714285715,0.1780821917808219,0.9316987740805605,0.6520204080000639,0.3333333333333333,0.5548904829306912,0.78104335047759,0.23979591836734693,0.2146118721461187,0.8896672504378283,0.6769466369183279,0.27167630057803466,0.5521395612919735
Guatemala_DHS_2014_2015,Kyrgyz_Republic_DHS_2012,0.5620680121647774,0.021013597033374538,0.010678391959798994,0.9955555555555555,0.6402931323283082,0.6538461538461539,0.5031169737576773,0.5678739286701686,0.10327022375215146,0.056532663316582916,0.9698765432098766,0.6271884111917612,0.5960264900662252,0.5132046032632298,0.5626209565938624,0.1132286995515695,0.06344221105527638,0.9550617283950618,0.6226920094298654,0.5260416666666666,0.5092519697251691,0.5861210948299695,0.26725403817914833,0.17148241206030151,0.9120987654320988,0.6302400893355667,0.6053215077605322,0.5417905887462001
Guatemala_DHS_2014_2015,Liberia_DHS_2019_2020,0.3277623026926648,0.13500597371565112,0.0737597911227154,0.9533762057877814,0.5991736838128501,0.795774647887324,0.5135679984552484,0.4168987929433612,0.3757455268389662,0.24673629242819844,0.8360128617363344,0.5691947982168193,0.7875,0.5413745770822664,0.4052924791086351,0.35465994962216624,0.2297650130548303,0.837620578778135,0.579890524124151,0.7770419426048565,0.5336927959164827,0.4382544103992572,0.4254510921177588,0.2924281984334204,0.797427652733119,0.5965490752478738,0.7804878048780488,0.5449279255832697
Guatemala_DHS_2014_2015,Bolivia_DHS_2008,0.496215306980656,0.35867237687366166,0.23183391003460208,0.9056806002143623,0.6593590642233819,0.7919621749408984,0.5687572551244822,0.5403700588730025,0.47325301204819276,0.3397923875432526,0.8510182207931404,0.6633110441074482,0.7793650793650794,0.5954053041681965,0.5109335576114382,0.399586990191017,0.26782006920415224,0.887459807073955,0.6758538331163749,0.7865853658536586,0.5776399381390536,0.5441547518923465,0.48084291187739464,0.34740484429065743,0.8488745980707395,0.678387239140029,0.7807153965785381,0.5981397211806985
Guatemala_DHS_2014_2015,Congo_DRC_DHS_2021_2022,0.3750133475707421,0.08188235294117648,0.043169037380086005,0.9795119011750527,0.6117618196219263,0.7933130699088146,0.5113404692775694,0.4201815269620929,0.24520433694745622,0.1458815745947734,0.9198553781259415,0.6119347680637061,0.7682926829268293,0.5328684763603575,0.4209289909236519,0.2475371166921049,0.14753556070129012,0.9189514914130762,0.6066315723273323,0.768303186907838,0.5332435260571832,0.4710090763481046,0.38854603801530485,0.2603374131657294,0.8547755347996384,0.6170095253453562,0.7655642023346303,0.5575564739826839
Guatemala_DHS_2014_2015,Ghana_DHS_2022,0.48480164863472436,0.13194444444444445,0.07224334600760456,0.9730033745781778,0.6599567164370613,0.76,0.5226233602928911,0.5548686244204019,0.4094326725905673,0.2846958174904943,0.874578177727784,0.6525865885110368,0.7287104622871047,0.5796369976091391,0.5486862442040186,0.38004246284501064,0.25522813688212925,0.8959505061867267,0.6624812345224907,0.7437673130193906,0.575589321534428,0.5582174137042761,0.42966411706019286,0.3070342205323194,0.8554555680539933,0.6682256893506182,0.7153931339977851,0.5812448942931563
Guatemala_DHS_2014_2015,Gambia_DHS_2019_2020,0.5061087354917532,0.2252036415908002,0.13443935926773457,0.9318479685452162,0.6537465772528649,0.6932153392330384,0.5331436639064754,0.549480757483201,0.4069159630076397,0.2894736842105263,0.8473132372214941,0.6486934328241825,0.6847090663058186,0.5683934607160102,0.5470372632864997,0.38541234977206795,0.2660183066361556,0.8689384010484927,0.6554440798845939,0.6992481203007519,0.5674783538423241,0.5595601710445938,0.45707831325301207,0.34725400457665906,0.8027522935779816,0.6658491561972342,0.6685022026431718,0.5750031490773203
Guatemala_DHS_2014_2015,Cameroon_DHS_2018,0.4456985201906195,0.09795918367346938,0.05235602094240838,0.9775811209439528,0.6363179354121299,0.759493670886076,0.5149685709431806,0.48332079257587157,0.26794598436389483,0.16448516579406633,0.9144542772861357,0.6339704088094025,0.7222222222222222,0.539469721540101,0.4810634562327565,0.25063382832307135,0.15095986038394416,0.9274336283185841,0.6364609234634254,0.7377398720682303,0.5391967443512642,0.5041384499623778,0.33945873705312396,0.22164048865619546,0.8861356932153392,0.6420482684417262,0.724679029957204,0.5538880909357673
Guatemala_DHS_2014_2015,Mali_DHS_2023_2024,0.3098880302791358,0.1116524563540398,0.05971769815418024,0.9735023041474654,0.663513662268522,0.8566978193146417,0.5166100011508228,0.4217000473111497,0.3971724478053592,0.26232356134636264,0.8444700460829493,0.6188906318017382,0.8173207036535859,0.5533968037146559,0.40577196025863427,0.3587474472430225,0.22888165038002173,0.875,0.6284891197206003,0.8292682926829268,0.5519408251900109,0.4576565210534616,0.45885129819040127,0.3166123778501629,0.8317972350230415,0.660087462535713,0.8331428571428572,0.5742048064366022
Ghana_DHS_2022,Gabon_DHS_2019_2021,0.6211633397724834,0.7056861764215441,0.6577556729872552,0.5395284327323162,0.6293781260010425,0.7611510791366907,0.5986420528597858,0.5297274093153037,0.5766183574879227,0.4637861361516941,0.6768377253814147,0.6040331853532961,0.7620020429009193,0.5703119307665544,0.5443228160549474,0.5943053697687751,0.4833695990052844,0.6803051317614425,0.6195898436573732,0.7713293650793651,0.5818373653833635,0.5844601845889675,0.6490210297316896,0.5564190239353435,0.6470180305131762,0.6421610747687929,0.7785993910395824,0.6017185272242598
Ghana_DHS_2022,Malawi_DHS_2024,0.6045086988483215,0.5575657894736842,0.5157200811359026,0.687529634898056,0.6438798946271991,0.6068019093078759,0.6016248580169793,0.5378583680470473,0.41025641025641024,0.332657200811359,0.7297297297297297,0.5513021562183514,0.5350734094616639,0.5311934652705443,0.5322224944866454,0.5280593325092707,0.5415821501014199,0.5234708392603129,0.5473260305250269,0.5151953690303908,0.5325264946808663,0.6113697623131585,0.6167230546157564,0.6470588235294118,0.5779990516832622,0.6547717115001197,0.5891043397968606,0.612528937606337
Ghana_DHS_2022,Rwanda_DHS_2019_2020,0.6417345750873108,0.09285187914517318,0.050119331742243436,0.9830197338228546,0.6068960128922823,0.63,0.516569532782549,0.6044819557625145,0.2561576354679803,0.18615751789976134,0.8458008260670032,0.5448190454701948,0.4105263157894737,0.5159791719833823,0.54976717112922,0.4115633320654241,0.4303898170246619,0.6186324001835705,0.5446295604641543,0.3943148688046647,0.5245111086041162,0.6091385331781141,0.5078783437156468,0.5513126491646778,0.6424965580541533,0.6336457097710371,0.47078804347826086,0.5969046036094156
Ghana_DHS_2022,Sierra_Leone_DHS_2019,0.6635327635327636,0.7657210870858957,0.7890433360588717,0.375,0.6229112745067903,0.74373795761079,0.5820216680294359,0.6205128205128205,0.719932716568545,0.6999182338511856,0.43796992481203006,0.6076658069950018,0.7411255411255411,0.5689440793316078,0.6438746438746439,0.7429041546688605,0.7383483237939493,0.4266917293233083,0.6118905194302191,0.7475165562913907,0.5825200265586288,0.6415954415954416,0.7327952421410365,0.705233033524121,0.49530075187969924,0.6349076134735858,0.7625994694960212,0.6002668927019101
Ghana_DHS_2022,Haiti_DHS_2016-2017,0.6151195784353466,0.6930661063520285,0.6540573520439292,0.5380434782608695,0.6340218643982869,0.737023031969749,0.5960504151523993,0.5474260235103364,0.5936305732484076,0.4975594874923734,0.6461352657004831,0.6082013968102383,0.7356788452864231,0.5718473765964283,0.5887717875962708,0.6618896850524912,0.6058572300183038,0.5549516908212561,0.6067671720119195,0.7293426367976497,0.58040446041978,0.6015403323875153,0.6692462987886945,0.6067724222086638,0.591183574879227,0.6432168931804181,0.7460615153788447,0.5989779985439454
Ghana_DHS_2022,Jordan_DHS_2023,0.6505831237136976,0.236,0.1544502617801047,0.9170474516695958,0.6340578676653262,0.5,0.5357488567248503,0.6530985593414133,0.13363792118789264,0.07657068062827226,0.9627416520210896,0.584131478942574,0.5246636771300448,0.5196561663246809,0.6389206494397439,0.19969589457678663,0.12892670157068062,0.9128295254833041,0.5744131800991912,0.44269662921348313,0.5208781135269923,0.6537845872398811,0.33008849557522124,0.24410994764397906,0.8738137082601054,0.6332069673073915,0.5095628415300546,0.5589618279520422
Ghana_DHS_2022,Armenia_DHS_2015-2016,0.8302718589272594,0.02531645569620253,0.0136986301369863,0.9868651488616462,0.5485809562651441,0.16666666666666666,0.5002818894993163,0.8376193975018369,0.017777777777777778,0.0091324200913242,0.9964973730297724,0.5029148573759086,0.3333333333333333,0.5028148965605483,0.8192505510653931,0.05384615384615385,0.0319634703196347,0.9702276707530648,0.5470175691129078,0.17073170731707318,0.5010955705363498,0.7876561351947098,0.20821917808219179,0.1735159817351598,0.9054290718038529,0.649151532599221,0.2602739726027397,0.5394725267695064
Ghana_DHS_2022,Kyrgyz_Republic_DHS_2012,0.5714680674592203,0.18506834910620398,0.11055276381909548,0.9338271604938272,0.5676158570630933,0.567741935483871,0.5221899621564613,0.5604091788775228,0.031668696711327646,0.016331658291457288,0.9881481481481481,0.5239397605310503,0.52,0.5022399032198027,0.5593032900193531,0.09225512528473805,0.05087939698492462,0.9590123456790124,0.5006127861529872,0.49390243902439024,0.5049458713319686,0.60658003870611,0.42271805273833674,0.32726130653266333,0.8261728395061728,0.6450773931385321,0.5967926689576174,0.5767170730194181
Ghana_DHS_2022,Liberia_DHS_2019_2020,0.6448467966573816,0.761012183692596,0.7950391644908616,0.27491961414790994,0.5789229555128323,0.7297783103654883,0.5349793893193858,0.6155988857938719,0.7175989085948158,0.6866840731070496,0.4405144694533762,0.5922999588625927,0.7514285714285714,0.5635992712802129,0.6443825441039925,0.7478604344963792,0.741514360313316,0.40514469453376206,0.6036704641810717,0.7543160690571049,0.573329527423539,0.6429897864438254,0.7437520826391203,0.7284595300261096,0.432475884244373,0.6107372830841302,0.7597004765146358,0.5804677071352413
Ghana_DHS_2022,Bolivia_DHS_2008,0.4100084104289319,0.08120497707924033,0.042906574394463666,0.9785637727759914,0.4608870444338129,0.7560975609756098,0.5107351735852276,0.42262405382674517,0.24185532854776368,0.15155709342560553,0.842443729903537,0.49750590608855605,0.5983606557377049,0.49700041166457126,0.47098402018502944,0.4328223624887286,0.33217993079584773,0.6859592711682744,0.5321517447531311,0.6209573091849935,0.509069600982061,0.5773759461732548,0.5647466435686445,0.45121107266435984,0.7727759914255091,0.6633373758052493,0.7546296296296297,0.6119935320449345
Ghana_DHS_2022,Congo_DRC_DHS_2021_2022,0.580138814735718,0.6351827797365003,0.5661594442606682,0.605604097619765,0.6202562018997269,0.7233727810650887,0.5858817709402167,0.47378537106246665,0.46458061712299,0.3536222295732716,0.6926785176257909,0.5472821754118296,0.6770107663077898,0.5231503735995313,0.5421249332621463,0.610535876475931,0.5559047304002647,0.5170231997589635,0.5533817911229335,0.6770749395648671,0.5364639650796141,0.599252536038441,0.6764934057408845,0.6490241481971551,0.5085869237722206,0.6140264948740384,0.7063906390639064,0.5788055359846879
Ghana_DHS_2022,Guatemala_DHS_2014_2015,0.6705825710158883,0.3368869936034115,0.24631519274376418,0.888872684847601,0.6322035230892707,0.5328019619865113,0.5675939387956825,0.6103996148290805,0.3294663573085847,0.28174603174603174,0.7794954061542949,0.5465774832610599,0.39664804469273746,0.5306207189501633,0.5561868078960038,0.4288015863180072,0.49036281179138325,0.5900539594574887,0.5738070311980706,0.3809733538868091,0.540208385624436,0.6337987481945113,0.5359365466748017,0.6224489795918368,0.6396383257984541,0.6837672213409208,0.47053781872723377,0.6310436526951455
Ghana_DHS_2022,Gambia_DHS_2019_2020,0.6182040317654246,0.7090316573556797,0.8712814645308925,0.32830930537352554,0.6965781526012877,0.597723704866562,0.5997953849522091,0.6111789859499084,0.6580714477571851,0.7008009153318078,0.508519003931848,0.6522702598138745,0.620253164556962,0.6046599596318278,0.631337813072694,0.67718641347954,0.7242562929061785,0.5249017038007864,0.6703178468708668,0.6358613761928679,0.6245789983534824,0.6481368356750152,0.67982212340189,0.6996567505720824,0.5891218872870249,0.6906331444886649,0.6610810810810811,0.6443893189295536
Ghana_DHS_2022,Cameroon_DHS_2018,0.5919237521946326,0.6017135862913097,0.5362129144851658,0.6672566371681415,0.6406248230345899,0.6854433909648634,0.6017347758266537,0.5206922498118887,0.45038826574633306,0.3416230366492147,0.7628318584070797,0.5975432053004679,0.660759493670886,0.5522274475281472,0.5590669676448458,0.5733009708737864,0.5152705061082025,0.6182890855457227,0.6017932065874891,0.6460612691466083,0.5667797958269626,0.600200652119388,0.6192068800764453,0.5654450261780105,0.6471976401179941,0.6481149001014173,0.6842661034846885,0.6063213331480023
Ghana_DHS_2022,Mali_DHS_2023_2024,0.695000788519161,0.7942553191489362,0.8106406080347448,0.3882488479262673,0.6600320479142587,0.7785192909280501,0.5994447279805061,0.6558902381327866,0.7570696949454464,0.738327904451683,0.4372119815668203,0.636711248542708,0.7767877541695225,0.5877699430092516,0.6596751301056616,0.7592592592592593,0.7389793702497286,0.44930875576036866,0.6401883596771691,0.7806836430373939,0.5941440630050486,0.7019397571360984,0.7966867469879518,0.8041259500542888,0.4308755760368664,0.6712309926597518,0.7893839266680879,0.6175007630455775
Gambia_DHS_2019_2020,Gabon_DHS_2019_2021,0.5681476711740717,0.6291927755252488,0.5306185887472801,0.651872399445215,0.6299629611585815,0.7727478497057492,0.5912454940962475,0.5644988194891608,0.6420885517727994,0.5657444824370531,0.5617198335644937,0.5956945957609906,0.7422512234910277,0.5637321580007735,0.5730843528654218,0.6450116009280742,0.5617034504196456,0.5984743411927878,0.6101361223769184,0.7573344509639565,0.5800888958062167,0.5664305644988195,0.62397617274758,0.5209822816288467,0.6678224687933426,0.6261925743827111,0.7777262180974478,0.5944023752110947
Gambia_DHS_2019_2020,Malawi_DHS_2024,0.56162705219309,0.33912079793128924,0.23275862068965517,0.8691322901849218,0.6137003876941958,0.6244897959183674,0.5509454554372885,0.5959323695172751,0.6197832603181923,0.6815415821501014,0.5158843053579896,0.629451245843901,0.5682875264270613,0.5987129437540455,0.5917667238421955,0.6252811515969411,0.704868154158215,0.48601232811759126,0.6305558521049073,0.5618431689571544,0.5954402411379032,0.6000980151923548,0.6015625,0.6247464503042597,0.5770507349454718,0.6302500055302447,0.5800376647834274,0.6008985926248658
Gambia_DHS_2019_2020,Rwanda_DHS_2019_2020,0.6341676367869615,0.0031720856463124504,0.0015910898965791568,0.9990821477742083,0.574952272779548,0.5,0.5003366188353937,0.5558789289871944,0.5269683818970862,0.6762132060461417,0.4864616796695732,0.6108587686833494,0.43169121381411885,0.5813374428578575,0.5515133876600699,0.5340187481100696,0.7024661893396977,0.46443322625057365,0.6145327332609712,0.43073170731707316,0.5834497077951357,0.5777066356228172,0.5206475057813016,0.6268894192521878,0.5493345571363011,0.6194567877435695,0.44519774011299434,0.5881119881942445
Gambia_DHS_2019_2020,Sierra_Leone_DHS_2019,0.6262108262108262,0.7171194480379474,0.6798855273916599,0.5028195488721805,0.6181659176559551,0.7586678832116789,0.5913525381319202,0.603988603988604,0.6913854351687388,0.6365494685200327,0.5291353383458647,0.607372632316687,0.7565597667638484,0.5828424034329487,0.6267806267806267,0.7230443974630021,0.6991005723630417,0.4605263157894737,0.61074183568078,0.7486865148861647,0.5798134440762577,0.5911680911680912,0.6700390894458497,0.5956663941128373,0.5808270676691729,0.6225790995272318,0.765633210719916,0.5882467308910051
Gambia_DHS_2019_2020,Haiti_DHS_2016-2017,0.5599918929874341,0.6002577794144724,0.49725442342892007,0.6841787439613527,0.6218929888320025,0.7570831398049234,0.5907165836951364,0.6173490068909607,0.694300518134715,0.6540573520439292,0.5446859903381642,0.6336475345812959,0.7398205659075224,0.5993716711910467,0.624037292257803,0.7063479499762545,0.6805979255643685,0.5120772946859904,0.6285390931491748,0.7341230667982889,0.5963376101251794,0.5946493717065261,0.6645420999664542,0.6043319097010372,0.5754830917874396,0.6246721850839885,0.7380774962742176,0.5899075007442385
Gambia_DHS_2019_2020,Jordan_DHS_2023,0.6563000228675966,0.171900826446281,0.10209424083769633,0.9539543057996485,0.6358360400813404,0.5435540069686411,0.5280242733186724,0.6082780699748457,0.45254074784276127,0.46335078534031415,0.686115992970123,0.6107120510862264,0.44222361024359774,0.5747333891552187,0.6242853876057627,0.4184070796460177,0.3867801047120419,0.7518453427065026,0.6192449783306803,0.4556669236700077,0.5693127237092722,0.6466956322890465,0.39244986236728274,0.32657068062827227,0.8186291739894552,0.6342992896511745,0.4916256157635468,0.5725999273088638
Gambia_DHS_2019_2020,Armenia_DHS_2015-2016,0.8376193975018369,0.0,0.0,0.9982486865148862,0.48826060184407716,0.0,0.4991243432574431,0.582659808963997,0.3106796116504854,0.5844748858447488,0.5823117338003503,0.6073539172644322,0.2115702479338843,0.5833933098225496,0.6796473181484203,0.2635135135135135,0.3561643835616438,0.7416812609457093,0.6077217730649584,0.20911528150134048,0.5489228222536766,0.7105069801616458,0.2593984962406015,0.3150684931506849,0.7863397548161121,0.6136194611712209,0.22044728434504793,0.5507041239833985
Gambia_DHS_2019_2020,Kyrgyz_Republic_DHS_2012,0.5623444843793198,0.03885853066180935,0.020100502512562814,0.988641975308642,0.5299475773931386,0.5818181818181818,0.5043712389106024,0.584462261542715,0.6072641755944604,0.7298994974874372,0.47012345679012346,0.6324716173459892,0.519910514541387,0.6000114771387803,0.59524467790987,0.6085561497326203,0.714824120603015,0.5012345679012346,0.6306836652397791,0.5297951582867784,0.6080293442521247,0.5955211501244125,0.5683092357627618,0.6048994974874372,0.5881481481481482,0.6291078851045351,0.5358931552587646,0.5965238228177927
Gambia_DHS_2019_2020,Liberia_DHS_2019_2020,0.6202414113277623,0.7332028701891715,0.7336814621409922,0.3408360128617363,0.5739728241249905,0.7327249022164276,0.5372587375013642,0.6007428040854225,0.6932952924393724,0.6344647519582245,0.5176848874598071,0.5910542929822942,0.7641509433962265,0.5760748197090158,0.6285979572887651,0.726962457337884,0.6951697127937336,0.4646302250803859,0.5929652934608314,0.7618025751072961,0.5798999689370598,0.5812441968430826,0.6753059755219583,0.6122715404699739,0.5048231511254019,0.5807358348794842,0.7528089887640449,0.5585473457976879
Gambia_DHS_2019_2020,Bolivia_DHS_2008,0.404121110176619,0.057218895542248835,0.02975778546712803,0.9839228295819936,0.43295986826733723,0.7413793103448276,0.5068403075245608,0.6047098402018503,0.6652421652421653,0.6463667820069204,0.5401929260450161,0.6276712765681268,0.6852531181217901,0.5932798540259683,0.5630782169890665,0.5965048543689321,0.5314878892733564,0.6120042872454448,0.6168385644403402,0.679646017699115,0.5717460882594005,0.5500420521446594,0.5367965367965368,0.4290657439446367,0.737406216505895,0.6473655321784473,0.7167630057803468,0.5832359802252658
Gambia_DHS_2019_2020,Congo_DRC_DHS_2021_2022,0.47207688200747466,0.4122681883024251,0.28680119086999667,0.8095811991563724,0.6063949112842517,0.7328825021132713,0.5481911950131846,0.5920982381206621,0.6787756474941137,0.6675487925901422,0.4546550165712564,0.5877763300485173,0.6903865891207663,0.5611019045806993,0.602455953016551,0.6965028124235755,0.7065828647039365,0.41277493220849654,0.5927190774116329,0.6867063173123292,0.5596788984562165,0.59359316604378,0.6763605442176871,0.6577902745616937,0.4766495932509792,0.5930411038720218,0.6960098004900245,0.5672199339063364
Gambia_DHS_2019_2020,Guatemala_DHS_2014_2015,0.6676937891189215,0.2799916544961402,0.19019274376417233,0.9133731952749016,0.5986793871697723,0.5304347826086957,0.551782969519537,0.5629272989889264,0.5316272830461253,0.7301587301587301,0.47688493510281466,0.6379001530124471,0.41797825734220345,0.6035218326307724,0.5437650457390467,0.5178098921229392,0.7210884353741497,0.45253026104710514,0.6271298806820379,0.4039377580184185,0.5868093482106274,0.5922002888781897,0.5216310855077375,0.6544784580498866,0.5601575032813184,0.6492792963279328,0.4336150234741784,0.6073179806656025
Gambia_DHS_2019_2020,Ghana_DHS_2022,0.63086038124678,0.6743921835946376,0.7053231939163498,0.5427446569178853,0.674254032171834,0.6460600783630823,0.6240339254171176,0.6143740340030912,0.6508047585724283,0.6630228136882129,0.5568053993250843,0.6522342680073736,0.6390288593678424,0.6099141065066487,0.6254507985574446,0.6770324300310973,0.7243346007604563,0.5084364454443194,0.6642402975531101,0.6355296080066722,0.6163855231023878,0.6254507985574446,0.6528175740210124,0.6497148288973384,0.5967379077615298,0.6726619070429884,0.6559500959692899,0.6232263683294341
Gambia_DHS_2019_2020,Cameroon_DHS_2018,0.5257085527965889,0.444640234948605,0.33027923211169286,0.7899705014749262,0.6262915257378493,0.6801437556154537,0.5601248667933095,0.599197391522448,0.6371480472297911,0.6121291448516579,0.5817109144542773,0.626988447698034,0.6642992424242424,0.5969200296529675,0.600200652119388,0.6536288570186876,0.6561954624781849,0.5244837758112094,0.6304673946058369,0.651082251082251,0.5903396191446972,0.599197391522448,0.6169702780441035,0.5615183246073299,0.6501474926253688,0.6340429968030394,0.6845744680851064,0.6058329086163493
Gambia_DHS_2019_2020,Mali_DHS_2023_2024,0.6041633811701624,0.6860930465232616,0.595656894679696,0.6267281105990783,0.6454269802909081,0.808905927455028,0.6111925026393872,0.6519476423277085,0.7454734171375851,0.7018458197611293,0.5195852534562212,0.6546077945731197,0.794884407279882,0.6107155366086752,0.6599905377700678,0.7538250742178579,0.716829533116178,0.5092165898617511,0.6509097754894749,0.7948470984830244,0.6130230614889646,0.6243494716921622,0.7081597647635384,0.6275787187839305,0.6157834101382489,0.6641071491116147,0.8124824290132134,0.6216810644610897
Cameroon_DHS_2018,Gabon_DHS_2019_2021,0.6716033483580167,0.7792207792207793,0.8392912651538701,0.29750346740638,0.6305881074751547,0.7271747912739025,0.568397366280125,0.6248121914573943,0.725416273955388,0.7177494560149207,0.4174757281553398,0.6001114700552759,0.7332486503651953,0.5676125920851303,0.6415539815411032,0.7447263833690003,0.757227230338825,0.38349514563106796,0.6090106434393912,0.7326315789473684,0.5703611879849465,0.6366172998497531,0.7321626324948584,0.719303699098539,0.4521497919556172,0.6254513448621811,0.7454896907216495,0.585726745527078
Cameroon_DHS_2018,Malawi_DHS_2024,0.5447194315118843,0.6498303807010931,0.8742393509127789,0.23660502607871028,0.6413191509006605,0.5170965806838632,0.5554221884957447,0.5746140651801029,0.627147766323024,0.7403651115618661,0.41963015647226176,0.631728023529027,0.5439642324888226,0.579997634017064,0.5802499387405048,0.6480378056297514,0.7996957403651116,0.3750592697961119,0.64029124672874,0.5447322970639032,0.5873775050806118,0.5956873315363881,0.6523388116308471,0.7849898580121704,0.4186818397344713,0.6642355230216872,0.5580389329488104,0.6018358488733209
Cameroon_DHS_2018,Rwanda_DHS_2019_2020,0.5535506402793946,0.5354330708661418,0.7032617342879872,0.4671867829279486,0.6189774162350314,0.4322738386308069,0.5852242586079679,0.5934225844004657,0.5243445692883895,0.6125696101829753,0.5823772372648004,0.6347021160619393,0.4583333333333333,0.5974734237238879,0.6024447031431898,0.5369491525423729,0.630071599045346,0.5865075722808628,0.6380014917836891,0.4678086237448317,0.6082895856631044,0.6172875436554133,0.5361552028218695,0.6046141607000796,0.6245984396512162,0.6577411561798217,0.4816223067173637,0.6146063001756479
Cameroon_DHS_2018,Sierra_Leone_DHS_2019,0.7048433048433048,0.8186909345467274,0.9562551103843009,0.12687969924812031,0.624341797871621,0.7157282741738066,0.5415674048162106,0.6421652421652422,0.7469782433521354,0.7579721995094031,0.37593984962406013,0.6039978574809879,0.7362986497220015,0.5669560245667316,0.6606837606837607,0.7685131195335277,0.8082583810302535,0.32142857142857145,0.6075305547187675,0.7324935161170804,0.5648434762294124,0.688034188034188,0.7931229926317778,0.8581357318070318,0.29699248120300753,0.63457294093779,0.7372672989111345,0.5775641065050197
Cameroon_DHS_2018,Haiti_DHS_2016-2017,0.6684231860559384,0.7896090534979424,0.9365466748017084,0.13768115942028986,0.6247439377728261,0.6825255669186305,0.5371139171109991,0.6343737332792866,0.7393063583815029,0.7803538743136058,0.34541062801932365,0.6085477255779269,0.7023613399231191,0.5628822511664647,0.6487636805837049,0.7569084023004629,0.8230628431970713,0.303743961352657,0.6132939034346971,0.7005972474681901,0.5634034022748642,0.6534252128090798,0.7578589634664401,0.8163514338010982,0.3309178743961353,0.6364060063724494,0.7071881606765328,0.5736346540986168
Cameroon_DHS_2018,Jordan_DHS_2023,0.5890692888177452,0.5128761181892112,0.6191099476439791,0.5729349736379613,0.6261207316960958,0.43776029615918555,0.5960224606409702,0.585639149325406,0.4542168674698795,0.49345549738219896,0.6351493848857644,0.596774215809862,0.42075892857142855,0.5643024411339816,0.547907614909673,0.5112484548825711,0.6767015706806283,0.4787346221441125,0.6025866312719108,0.41080651569328563,0.5777180964123704,0.6037045506517265,0.49044398706262865,0.5458115183246073,0.6347978910369069,0.6272017823130503,0.4452749599572878,0.590304704680757
Cameroon_DHS_2018,Armenia_DHS_2015-2016,0.7229977957384276,0.22587268993839835,0.2511415525114155,0.8134851138353766,0.5907244360210797,0.20522388059701493,0.532313333173396,0.6193975018368847,0.330749354005168,0.5844748858447488,0.6260945709281961,0.6688777999024382,0.23063063063063063,0.6052847283864724,0.5569434239529758,0.33663366336633666,0.6986301369863014,0.5297723292469352,0.6669545538149045,0.2217391304347826,0.6142012331166182,0.7002204261572373,0.3503184713375796,0.502283105022831,0.7381786339754816,0.6618785436109045,0.26894865525672373,0.6202308694991563
Cameroon_DHS_2018,Kyrgyz_Republic_DHS_2012,0.5637268454520321,0.5851735015772871,0.6991206030150754,0.45728395061728394,0.5993290526707613,0.5031645569620253,0.5782022768161796,0.5720210118883052,0.5749588138385503,0.6576633165829145,0.5046913580246913,0.6026977479992556,0.5107317073170732,0.5811773373038029,0.5642797898811169,0.5808510638297872,0.6859296482412061,0.468641975308642,0.6074571933742787,0.503690036900369,0.577285811774924,0.6057506220624828,0.5417737789203085,0.5295226130653267,0.665679012345679,0.6352374526955766,0.5546052631578947,0.5976008127055028
Cameroon_DHS_2018,Liberia_DHS_2019_2020,0.6829155060352832,0.805135520684736,0.9210182767624021,0.09646302250803858,0.5638574294997187,0.7151545869234668,0.5087406496352204,0.6253481894150418,0.7405978784956606,0.7519582245430809,0.3135048231511254,0.5568766633364957,0.7295756808106396,0.5327315238471031,0.6443825441039925,0.7594221105527639,0.7891644908616188,0.2877813504823151,0.5612590565261558,0.7318401937046005,0.538472920671967,0.6759517177344475,0.7898856110776641,0.856396866840731,0.2315112540192926,0.587902873741741,0.7329608938547486,0.5439540604300118
Cameroon_DHS_2018,Bolivia_DHS_2008,0.4587888982338099,0.3099195710455764,0.2,0.8595927116827439,0.5332628682265416,0.6880952380952381,0.529796355841372,0.6236333052985702,0.678404599353216,0.6532871972318339,0.5777063236870311,0.6608729514124546,0.7055306427503737,0.6154967604594326,0.6375105130361648,0.710738255033557,0.7328719723183391,0.48981779206859594,0.6544739779777997,0.6899022801302932,0.6113448821934675,0.6122792262405383,0.6577579806978471,0.6131487889273356,0.6109324758842444,0.6591376554404627,0.7093674939951962,0.61204063240579
Cameroon_DHS_2018,Congo_DRC_DHS_2021_2022,0.6544580886278697,0.7738644304682041,0.9158121071782998,0.1783669780054233,0.6219231946460086,0.6700145208131656,0.5470895425918615,0.6380138814735719,0.7423228944968076,0.8076414158121071,0.3290147634829768,0.6014883682268422,0.6867791842475387,0.568328089647542,0.6497597437266418,0.7566404511055053,0.843367515712868,0.29707743296173544,0.6083023773645797,0.6860871905274488,0.5702224743373018,0.6522156967431927,0.7564859813084112,0.8367515712868012,0.3160590539319072,0.6263777195961823,0.6902715240824123,0.5764053126093542
Cameroon_DHS_2018,Guatemala_DHS_2014_2015,0.5823784304285027,0.5189129229062673,0.6629818594104309,0.5409071022312965,0.6553008131452474,0.4262802988882814,0.6019444808208636,0.6005777563793934,0.5405405405405406,0.691609977324263,0.5537407029313111,0.6703384321498761,0.44363636363636366,0.622675340127787,0.5475204622051035,0.5501196744853997,0.8143424036281179,0.4102377132856935,0.6743189011543561,0.4153534769408703,0.6122900584569058,0.5888300433317285,0.5598845598845599,0.7698412698412699,0.4956978270380633,0.7020050144893891,0.4399092970521542,0.6327695484396666
Cameroon_DHS_2018,Ghana_DHS_2022,0.5837197320968572,0.7093525179856115,0.9372623574144486,0.16535433070866143,0.6793260573892141,0.5706018518518519,0.551308344061555,0.6071612570839773,0.674354046551356,0.7504752851711026,0.437570303712036,0.625074046114958,0.612252811167119,0.5940227944415692,0.6087068521380732,0.69232327324286,0.8122623574144486,0.3678290213723285,0.6368674269803728,0.6032474408753971,0.5900456893933885,0.6233900051519835,0.7112954186413902,0.8559885931558935,0.3481439820022497,0.6827502224056594,0.6084459459459459,0.6020662875790717
Cameroon_DHS_2018,Gambia_DHS_2019_2020,0.5989615149664019,0.7128799475180406,0.9324942791762014,0.21690694626474444,0.6885671248324241,0.5769911504424778,0.5747006127204729,0.6007941356139279,0.6851361117802939,0.8135011441647597,0.35714285714285715,0.6309749993251977,0.5917602996254682,0.5853220006538085,0.6032376298106292,0.6939929328621908,0.8426773455377574,0.3289646133682831,0.6307586877045026,0.5899078894673608,0.5858209794530203,0.6233964569334148,0.7117138180967968,0.8707093821510298,0.3401048492791612,0.6744183954101448,0.6018189007512851,0.6054071157150955
Cameroon_DHS_2018,Mali_DHS_2023_2024,0.7311149660936761,0.8370448246200899,0.9509229098805646,0.1480414746543779,0.6482630080507563,0.7475247524752475,0.5494821922674713,0.6669295063870052,0.7701849836779108,0.7685124864277959,0.39746543778801846,0.6242206927953486,0.7718647764449291,0.5829889621079072,0.7061977606055827,0.8108821439447772,0.8673181324647122,0.27880184331797236,0.6367629730257134,0.7613419748379718,0.5730599878913423,0.7301687431004573,0.8344140133552695,0.9361563517915309,0.1837557603686636,0.6600793942669009,0.7526187150837989,0.5599560560800972
Mali_DHS_2023_2024,Gabon_DHS_2019_2021,0.6849109250912213,0.7985729967069155,0.9045694746658377,0.19486823855755894,0.6270441745632707,0.7148120854826824,0.5497188566116983,0.6585104099592187,0.7724867724867724,0.8396021137705937,0.25450762829403606,0.58723798285547,0.7153072033898306,0.5470548710323149,0.6836230950847821,0.8059505002632965,0.9515076157911098,0.08599167822468794,0.607056306713166,0.6990180406485499,0.5187496470078988,0.6874865851040995,0.8027634787320509,0.9210444513521915,0.1664355062413315,0.6269672168960235,0.7114045618247299,0.5437399787967615
Mali_DHS_2023_2024,Malawi_DHS_2024,0.5086988483214898,0.6566192841239938,0.9721095334685599,0.07539118065433854,0.6569711859826091,0.495733126454616,0.5237503570614492,0.5006125949522175,0.6494668042655659,0.9574036511156186,0.07349454717875771,0.5859060993308886,0.491410723581468,0.5154490991471882,0.4979171771624602,0.6525351873834153,0.9756592292089249,0.051209103840682786,0.6119725469036882,0.49019108280254775,0.5134341665248039,0.5216858613085028,0.6606397774687065,0.9634888438133874,0.10858226647700332,0.6551196360233406,0.5026455026455027,0.5360355551451954
Mali_DHS_2023_2024,Rwanda_DHS_2019_2020,0.45925494761350405,0.5439371624938635,0.8814638027048528,0.21569527306103717,0.6209861763568715,0.3933262335818246,0.548579537882945,0.3739813736903376,0.5361224929911581,0.9888623707239459,0.019274896741624598,0.5491823119580374,0.36775147928994084,0.5040686337327852,0.37951105937136204,0.5375271149674621,0.9856801909307876,0.029830197338228545,0.5640426461745387,0.3695198329853862,0.5077551941345081,0.3949359720605355,0.541969596827495,0.9785202863961814,0.05828361633776962,0.6105951691181062,0.37477148080438755,0.5184019513669755
Mali_DHS_2023_2024,Sierra_Leone_DHS_2019,0.6988603988603989,0.8209991532599492,0.9910057236304171,0.02725563909774436,0.6263083352289145,0.7007805724197745,0.5091306813640807,0.6903133903133903,0.8107261013407626,0.9517579721995094,0.08928571428571429,0.5926478092205165,0.7060964513193813,0.5205218432426119,0.6971509971509972,0.819063829787234,0.9836467702371219,0.03853383458646616,0.6083030680749297,0.7016622922134733,0.511090302411794,0.6982905982905983,0.8185089974293059,0.9762878168438267,0.05921052631578947,0.619509026552481,0.7046326349955739,0.517749171579808
Mali_DHS_2023_2024,Haiti_DHS_2016-2017,0.6696392379408188,0.7984668644906033,0.9850518608907871,0.04528985507246377,0.6463856171873388,0.6713097713097713,0.5151708579816254,0.6674098094852047,0.7860774344935472,0.9197681513117755,0.1678743961352657,0.6177972827192261,0.686319144092875,0.5438212737235206,0.6728820429671666,0.7995031055900621,0.9816961561928005,0.06159420289855073,0.6433750438437482,0.6743503772003353,0.5216451795456756,0.6734900689096068,0.7975367600854594,0.9679682733374009,0.09057971014492754,0.6583872906184696,0.6781363539217782,0.5292739917411642
Mali_DHS_2023_2024,Jordan_DHS_2023,0.6096501257717813,0.4627006610009443,0.48102094240837695,0.6787346221441125,0.6199633783895693,0.44572468162522744,0.5798777822762448,0.4644408872627487,0.5096314907872697,0.7964659685863874,0.286115992970123,0.5879263703199331,0.374692118226601,0.5412909807782552,0.42305053738852044,0.5281466242752946,0.9240837696335078,0.1539543057996485,0.6233535227596868,0.36973029588897616,0.5390190377165781,0.483878344386005,0.5326154483329882,0.8416230366492147,0.29173989455184535,0.6330214438852032,0.38957891548015755,0.56668146560053
Mali_DHS_2023_2024,Armenia_DHS_2015-2016,0.7450404114621602,0.18352941176470589,0.1780821917808219,0.8537653239929948,0.5868379595198682,0.18932038834951456,0.5159237578869084,0.3872152828802351,0.3130148270181219,0.867579908675799,0.29509632224168125,0.5920519156490656,0.19095477386934673,0.5813381154587401,0.25789860396767084,0.28772919605077574,0.9315068493150684,0.1287215411558669,0.5849746899215508,0.1701417848206839,0.5301141952354677,0.41072740631888316,0.32830820770519265,0.8949771689497716,0.3178633975481611,0.6555610200801286,0.20102564102564102,0.6064202832489664
Mali_DHS_2023_2024,Kyrgyz_Republic_DHS_2012,0.5294442908487696,0.5999059708509638,0.8015075376884422,0.31555555555555553,0.5909761771822073,0.4793388429752066,0.5585315466219989,0.47442632015482444,0.6124362895005097,0.9434673366834171,0.10567901234567902,0.5855794404119362,0.4533655297313613,0.5245731745145481,0.4622615427149572,0.6153846153846154,0.9773869346733668,0.05728395061728395,0.601359420559588,0.44906204906204905,0.5173354426453254,0.5004147083218137,0.6239334027055151,0.9415829145728644,0.15358024691358024,0.6337863701222161,0.4665421724245254,0.5475815807432223
Mali_DHS_2023_2024,Liberia_DHS_2019_2020,0.7033426183844012,0.8225492918633713,0.966710182767624,0.05466237942122187,0.5802630695222184,0.7158047365877236,0.5106862810944229,0.7014856081708449,0.8171737276087575,0.9379895561357703,0.1189710610932476,0.5919022272967687,0.7239294710327456,0.5284803086145089,0.7140204271123491,0.8307692307692308,0.9869451697127938,0.04180064308681672,0.604470125007346,0.7172675521821632,0.5143729063998053,0.7079851439182916,0.8267694849903607,0.9797650130548303,0.03858520900321544,0.6027175875009445,0.7151024297284421,0.5091751110290229
Mali_DHS_2023_2024,Bolivia_DHS_2008,0.4507989907485282,0.30235042735042733,0.1958477508650519,0.8456591639871383,0.5034361011285543,0.6627634660421545,0.520753457426095,0.6303616484440706,0.7495012824166429,0.9100346020761245,0.19721329046087888,0.6179923378468088,0.6371124031007752,0.5536239462685018,0.6190075693860387,0.7568438003220612,0.9757785467128027,0.06645230439442658,0.6352080760429764,0.6181499342393687,0.5211154255536147,0.6417157275021026,0.7601351351351351,0.9342560553633218,0.18863879957127547,0.6753208943876396,0.6407214048410061,0.5614474274672986
Mali_DHS_2023_2024,Congo_DRC_DHS_2021_2022,0.6562733582487987,0.7853570714142829,0.9740324181276877,0.07743296173546249,0.6130853573442215,0.6579153167243883,0.5257326899315751,0.6449546182594768,0.7776960620445277,0.9619583195501158,0.06749020789394396,0.5661098097273121,0.6526764672876221,0.5147242637220298,0.6489054991991458,0.783883265413435,0.9862719153159113,0.03434769508888219,0.5799748877168185,0.650414485165794,0.5103098052023968,0.6507207688200748,0.7849299756722993,0.9872643069798214,0.03766194636938837,0.5949435616485322,0.6514242060460548,0.5124631266746049
Mali_DHS_2023_2024,Guatemala_DHS_2014_2015,0.5590755897929707,0.5358337557019767,0.7491496598639455,0.4612804433425696,0.6581558660117588,0.4170743253905634,0.6052150516032576,0.3696677900818488,0.5120751341681574,0.9736394557823129,0.058917894122794225,0.5953784338099637,0.3473907766990291,0.5162786749525535,0.3553201733269138,0.5104204753199268,0.9892290249433107,0.02916727431821496,0.6416149914829575,0.34394402286390063,0.5091981496307628,0.38151179585941264,0.5187682625309058,0.9812925170068028,0.07291818579553741,0.6785245319264257,0.3525817293003361,0.5271053514011701
Mali_DHS_2023_2024,Ghana_DHS_2022,0.5659453889747553,0.7097329888027563,0.9790874524714829,0.07705286839145106,0.6751899002168456,0.5566063226155094,0.5280701604314669,0.5819165378670789,0.6947526800827535,0.877851711026616,0.23172103487064116,0.6130162912145487,0.5748521630874572,0.5547863729486285,0.5656877897990726,0.7062717770034843,0.9634030418250951,0.09505061867266591,0.6320532265928736,0.5574807480748075,0.5292268302488805,0.5749613601236476,0.7108307045215563,0.9638783269961977,0.11473565804274466,0.6665874524714829,0.5630205441421433,0.5393069925194711
Mali_DHS_2023_2024,Gambia_DHS_2019_2020,0.5690287110568112,0.7058578278090473,0.9685354691075515,0.11140235910878113,0.6870135800210538,0.5552640209904887,0.5399689141081663,0.5757483200977398,0.7075173720783323,0.9610983981693364,0.1343381389252949,0.664426073160564,0.5598133955348217,0.5477182685473156,0.5448992058643861,0.7000805152979066,0.9948512585812357,0.02948885976408912,0.6757348221970962,0.5400621118012422,0.5121700591726625,0.5656689065363469,0.706198347107438,0.9776887871853547,0.09370904325032765,0.6894346206561478,0.5527166882276844,0.5356989152178412
Mali_DHS_2023_2024,Cameroon_DHS_2018,0.599949836970153,0.7317073170731707,0.9489528795811518,0.128023598820059,0.6344569028093098,0.5954010402408979,0.5384882392006054,0.5801354401805869,0.7125686813186813,0.9053228621291448,0.14041297935103245,0.5875026383933857,0.5874858437146093,0.5228679207400886,0.5854025583145221,0.7279012345679012,0.9646596858638743,0.07256637168141593,0.6121703295288987,0.584456780333069,0.5186130287726451,0.599448206671683,0.7279850110713677,0.9323734729493892,0.14926253687315635,0.6337348839364314,0.5970941603799944,0.5408180049112727
