country,subgroup,value,model,accuracy,f1,sensitivity,specificity,auc
Gabon_DHS_2019_2021,sex,female,LogReg,0.6929460580912863,0.8021390374331551,0.8928571428571429,0.2328767123287671,0.663894324853229
Gabon_DHS_2019_2021,sex,female,LightGBM,0.6431535269709544,0.7712765957446809,0.8630952380952381,0.136986301369863,0.5399543378995434
Gabon_DHS_2019_2021,sex,female,XGBoost,0.6680497925311203,0.797979797979798,0.9404761904761905,0.0410958904109589,0.5806425309849967
Gabon_DHS_2019_2021,sex,female,TabPFN,0.6929460580912863,0.8177339901477833,0.9880952380952381,0.0136986301369863,0.6491764514024788
Gabon_DHS_2019_2021,sex,male,LogReg,0.6388888888888888,0.7560321715817694,0.8103448275862069,0.2564102564102564,0.5417035072207486
Gabon_DHS_2019_2021,sex,male,LightGBM,0.6904761904761905,0.8020304568527918,0.9080459770114943,0.20512820512820512,0.5618184497494842
Gabon_DHS_2019_2021,sex,male,XGBoost,0.6865079365079365,0.8077858880778589,0.9540229885057471,0.08974358974358974,0.5772178013557324
Gabon_DHS_2019_2021,sex,male,TabPFN,0.6706349206349206,0.7930174563591023,0.9137931034482759,0.1282051282051282,0.5681181844974948
Gabon_DHS_2019_2021,wealth,poorest,LogReg,0.7253886010362695,0.8389057750759878,0.9387755102040817,0.043478260869565216,0.5375628512274475
Gabon_DHS_2019_2021,wealth,poorest,LightGBM,0.7253886010362695,0.8348909657320872,0.9115646258503401,0.13043478260869565,0.5183377698905649
Gabon_DHS_2019_2021,wealth,poorest,XGBoost,0.7512953367875648,0.8562874251497006,0.9727891156462585,0.043478260869565216,0.535936113575865
Gabon_DHS_2019_2021,wealth,poorest,TabPFN,0.7512953367875648,0.8571428571428571,0.9795918367346939,0.021739130434782608,0.5393374741200828
Gabon_DHS_2019_2021,wealth,richer,LogReg,0.671875,0.7407407407407407,0.7894736842105263,0.5,0.6285425101214575
Gabon_DHS_2019_2021,wealth,richer,LightGBM,0.625,0.6923076923076923,0.7105263157894737,0.5,0.6589068825910931
Gabon_DHS_2019_2021,wealth,richer,XGBoost,0.578125,0.6746987951807228,0.7368421052631579,0.34615384615384615,0.667004048582996
Gabon_DHS_2019_2021,wealth,richer,TabPFN,0.59375,0.74,0.9736842105263158,0.038461538461538464,0.5597165991902835
Gabon_DHS_2019_2021,wealth,middle,LogReg,0.6410256410256411,0.7627118644067796,0.8823529411764706,0.18518518518518517,0.6078431372549019
Gabon_DHS_2019_2021,wealth,middle,LightGBM,0.6410256410256411,0.7543859649122807,0.8431372549019608,0.25925925925925924,0.6071169208424111
Gabon_DHS_2019_2021,wealth,middle,XGBoost,0.6794871794871795,0.7967479674796748,0.9607843137254902,0.14814814814814814,0.6252723311546841
Gabon_DHS_2019_2021,wealth,middle,TabPFN,0.6410256410256411,0.7777777777777778,0.9607843137254902,0.037037037037037035,0.59840232389252
Gabon_DHS_2019_2021,wealth,poorer,LogReg,0.7079646017699115,0.8176795580110497,0.9135802469135802,0.1875,0.5952932098765432
Gabon_DHS_2019_2021,wealth,poorer,LightGBM,0.6814159292035398,0.8064516129032258,0.9259259259259259,0.0625,0.5111882716049383
Gabon_DHS_2019_2021,wealth,poorer,XGBoost,0.7168141592920354,0.8350515463917526,1.0,0.0,0.5679012345679012
Gabon_DHS_2019_2021,wealth,poorer,TabPFN,0.7168141592920354,0.8350515463917526,1.0,0.0,0.5709876543209877
Gabon_DHS_2019_2021,wealth,richest,LogReg,0.4444444444444444,0.4444444444444444,0.4166666666666667,0.47619047619047616,0.45039682539682546
Gabon_DHS_2019_2021,wealth,richest,LightGBM,0.37777777777777777,0.36363636363636365,0.3333333333333333,0.42857142857142855,0.35317460317460314
Gabon_DHS_2019_2021,wealth,richest,XGBoost,0.4222222222222222,0.4090909090909091,0.375,0.47619047619047616,0.38492063492063494
Gabon_DHS_2019_2021,wealth,richest,TabPFN,0.4444444444444444,0.5901639344262295,0.75,0.09523809523809523,0.4384920634920635
Gabon_DHS_2019_2021,education,secondary,LogReg,0.6666666666666666,0.7858546168958742,0.8771929824561403,0.18181818181818182,0.6326865142654616
Gabon_DHS_2019_2021,education,secondary,LightGBM,0.6574923547400612,0.7821011673151751,0.881578947368421,0.1414141414141414,0.5579035973772817
Gabon_DHS_2019_2021,education,secondary,XGBoost,0.6941896024464832,0.8127340823970037,0.9517543859649122,0.10101010101010101,0.5603402445507709
Gabon_DHS_2019_2021,education,secondary,TabPFN,0.709480122324159,0.8275862068965517,1.0,0.04040404040404041,0.6014974304447989
Gabon_DHS_2019_2021,education,no education,LogReg,0.8518518518518519,0.8947368421052632,0.8947368421052632,0.75,0.8618421052631579
Gabon_DHS_2019_2021,education,no education,LightGBM,0.7777777777777778,0.8421052631578947,0.8421052631578947,0.625,0.8421052631578948
Gabon_DHS_2019_2021,education,no education,XGBoost,0.7407407407407407,0.8292682926829268,0.8947368421052632,0.375,0.881578947368421
Gabon_DHS_2019_2021,education,no education,TabPFN,0.7037037037037037,0.8181818181818182,0.9473684210526315,0.125,0.9013157894736842
Gabon_DHS_2019_2021,education,primary,LogReg,0.7227722772277227,0.8227848101265823,0.8783783783783784,0.2962962962962963,0.6476476476476476
Gabon_DHS_2019_2021,education,primary,LightGBM,0.693069306930693,0.802547770700637,0.8513513513513513,0.25925925925925924,0.6241241241241241
Gabon_DHS_2019_2021,education,primary,XGBoost,0.7128712871287128,0.8242424242424242,0.918918918918919,0.14814814814814814,0.6266266266266266
Gabon_DHS_2019_2021,education,primary,TabPFN,0.7227722772277227,0.8333333333333334,0.9459459459459459,0.1111111111111111,0.648898898898899
Gabon_DHS_2019_2021,education,higher,LogReg,0.5,0.5128205128205128,0.5,0.5,0.4833333333333333
Gabon_DHS_2019_2021,education,higher,LightGBM,0.5263157894736842,0.5263157894736842,0.5,0.5555555555555556,0.5333333333333333
Gabon_DHS_2019_2021,education,higher,XGBoost,0.5,0.5128205128205128,0.5,0.5,0.47777777777777775
Gabon_DHS_2019_2021,education,higher,TabPFN,0.4473684210526316,0.5333333333333333,0.6,0.2777777777777778,0.43888888888888894
Gabon_DHS_2019_2021,residence,urban,LogReg,0.6468926553672316,0.7591522157996147,0.8277310924369747,0.27586206896551724,0.6273906114169805
Gabon_DHS_2019_2021,residence,urban,LightGBM,0.6581920903954802,0.7746741154562383,0.8739495798319328,0.21551724137931033,0.571645899739206
Gabon_DHS_2019_2021,residence,urban,XGBoost,0.672316384180791,0.7913669064748201,0.9243697478991597,0.15517241379310345,0.5867864387134164
Gabon_DHS_2019_2021,residence,urban,TabPFN,0.6468926553672316,0.7731397459165155,0.8949579831932774,0.13793103448275862,0.620961315560707
Gabon_DHS_2019_2021,residence,rural,LogReg,0.7246376811594203,0.8347826086956521,0.9320388349514563,0.11428571428571428,0.6055478502080444
Gabon_DHS_2019_2021,residence,rural,LightGBM,0.7028985507246377,0.8193832599118943,0.9029126213592233,0.11428571428571428,0.6160887656033288
Gabon_DHS_2019_2021,residence,rural,XGBoost,0.7536231884057971,0.8571428571428571,0.9902912621359223,0.05714285714285714,0.5889042995839111
Gabon_DHS_2019_2021,residence,rural,TabPFN,0.7536231884057971,0.8583333333333333,1.0,0.02857142857142857,0.6049930651872399
Gabon_DHS_2019_2021,age_group,24–35m,LogReg,0.6521739130434783,0.7777777777777778,0.8860759493670886,0.1388888888888889,0.7264416315049227
Gabon_DHS_2019_2021,age_group,24–35m,LightGBM,0.6782608695652174,0.7909604519774012,0.8860759493670886,0.2222222222222222,0.6075949367088608
Gabon_DHS_2019_2021,age_group,24–35m,XGBoost,0.6956521739130435,0.8148148148148148,0.9746835443037974,0.08333333333333333,0.6213080168776371
Gabon_DHS_2019_2021,age_group,24–35m,TabPFN,0.6869565217391305,0.8144329896907216,1.0,0.0,0.6944444444444444
Gabon_DHS_2019_2021,age_group,48–59m,LogReg,0.5614035087719298,0.6153846153846154,0.625,0.48,0.47125
Gabon_DHS_2019_2021,age_group,48–59m,LightGBM,0.49122807017543857,0.5538461538461539,0.5625,0.4,0.57125
Gabon_DHS_2019_2021,age_group,48–59m,XGBoost,0.543859649122807,0.6285714285714286,0.6875,0.36,0.5425
Gabon_DHS_2019_2021,age_group,48–59m,TabPFN,0.543859649122807,0.6388888888888888,0.71875,0.32,0.42625
Gabon_DHS_2019_2021,age_group,12–23m,LogReg,0.7065868263473054,0.807843137254902,0.824,0.35714285714285715,0.6784761904761905
Gabon_DHS_2019_2021,age_group,12–23m,LightGBM,0.7125748502994012,0.8260869565217391,0.912,0.11904761904761904,0.617904761904762
Gabon_DHS_2019_2021,age_group,12–23m,XGBoost,0.7664670658682635,0.8641114982578397,0.992,0.09523809523809523,0.6409523809523809
Gabon_DHS_2019_2021,age_group,12–23m,TabPFN,0.7425149700598802,0.8512110726643599,0.984,0.023809523809523808,0.6551428571428571
Gabon_DHS_2019_2021,age_group,36–47m,LogReg,0.6,0.7058823529411765,0.7659574468085106,0.32142857142857145,0.5919452887537995
Gabon_DHS_2019_2021,age_group,36–47m,LightGBM,0.49333333333333335,0.62,0.6595744680851063,0.21428571428571427,0.5319148936170213
Gabon_DHS_2019_2021,age_group,36–47m,XGBoost,0.5866666666666667,0.7102803738317757,0.8085106382978723,0.21428571428571427,0.5303951367781155
Gabon_DHS_2019_2021,age_group,36–47m,TabPFN,0.5333333333333333,0.6728971962616822,0.7659574468085106,0.14285714285714285,0.587386018237082
Gabon_DHS_2019_2021,age_group,6–11m,LogReg,0.671875,0.7961165048543689,0.8913043478260869,0.1111111111111111,0.5181159420289856
Gabon_DHS_2019_2021,age_group,6–11m,LightGBM,0.71875,0.8235294117647058,0.9130434782608695,0.2222222222222222,0.4855072463768116
Gabon_DHS_2019_2021,age_group,6–11m,XGBoost,0.71875,0.8333333333333334,0.9782608695652174,0.05555555555555555,0.5048309178743962
Gabon_DHS_2019_2021,age_group,6–11m,TabPFN,0.71875,0.8363636363636363,1.0,0.0,0.5543478260869565
Gabon_DHS_2019_2021,age_group,0–5m,LogReg,0.625,0.75,0.75,0.25,0.33333333333333337
Gabon_DHS_2019_2021,age_group,0–5m,LightGBM,0.75,0.8571428571428571,1.0,0.0,0.39583333333333337
Gabon_DHS_2019_2021,age_group,0–5m,XGBoost,0.75,0.8571428571428571,1.0,0.0,0.41666666666666663
Gabon_DHS_2019_2021,age_group,0–5m,TabPFN,0.75,0.8571428571428571,1.0,0.0,0.4375
Malawi_DHS_2024,sex,female,LogReg,0.5519125683060109,0.616822429906542,0.6407766990291263,0.4375,0.562257281553398
Malawi_DHS_2024,sex,female,LightGBM,0.6010928961748634,0.6604651162790698,0.6893203883495146,0.4875,0.6169902912621359
Malawi_DHS_2024,sex,female,XGBoost,0.6065573770491803,0.6756756756756757,0.7281553398058253,0.45,0.6
Malawi_DHS_2024,sex,female,TabPFN,0.5956284153005464,0.6666666666666666,0.7184466019417476,0.4375,0.6077669902912621
Malawi_DHS_2024,sex,male,LogReg,0.6368715083798883,0.7346938775510204,0.8256880733944955,0.34285714285714286,0.6347313237221495
Malawi_DHS_2024,sex,male,LightGBM,0.6089385474860335,0.7131147540983607,0.7981651376146789,0.3142857142857143,0.5777195281782438
Malawi_DHS_2024,sex,male,XGBoost,0.6089385474860335,0.7368421052631579,0.8990825688073395,0.15714285714285714,0.6020969855832242
Malawi_DHS_2024,sex,male,TabPFN,0.659217877094972,0.7489711934156379,0.8348623853211009,0.38571428571428573,0.6724115334207077
Malawi_DHS_2024,wealth,poorer,LogReg,0.5714285714285714,0.6511627906976745,0.717948717948718,0.3870967741935484,0.6013234077750207
Malawi_DHS_2024,wealth,poorer,LightGBM,0.5714285714285714,0.6341463414634146,0.6666666666666666,0.45161290322580644,0.555004135649297
Malawi_DHS_2024,wealth,poorer,XGBoost,0.6142857142857143,0.6896551724137931,0.7692307692307693,0.41935483870967744,0.5723738626964433
Malawi_DHS_2024,wealth,poorer,TabPFN,0.6285714285714286,0.675,0.6923076923076923,0.5483870967741935,0.6538461538461539
Malawi_DHS_2024,wealth,richer,LogReg,0.6231884057971014,0.717391304347826,0.7857142857142857,0.37037037037037035,0.6887125220458553
Malawi_DHS_2024,wealth,richer,LightGBM,0.5652173913043478,0.6590909090909091,0.6904761904761905,0.37037037037037035,0.5582010582010583
Malawi_DHS_2024,wealth,richer,XGBoost,0.6376811594202898,0.7422680412371134,0.8571428571428571,0.2962962962962963,0.5740740740740741
Malawi_DHS_2024,wealth,richer,TabPFN,0.6521739130434783,0.75,0.8571428571428571,0.3333333333333333,0.7213403880070547
Malawi_DHS_2024,wealth,middle,LogReg,0.582089552238806,0.631578947368421,0.6486486486486487,0.5,0.6450450450450451
Malawi_DHS_2024,wealth,middle,LightGBM,0.5522388059701493,0.6052631578947368,0.6216216216216216,0.4666666666666667,0.6045045045045045
Malawi_DHS_2024,wealth,middle,XGBoost,0.5970149253731343,0.6582278481012658,0.7027027027027027,0.4666666666666667,0.6342342342342343
Malawi_DHS_2024,wealth,middle,TabPFN,0.6268656716417911,0.7058823529411765,0.8108108108108109,0.4,0.690990990990991
Malawi_DHS_2024,wealth,richest,LogReg,0.6533333333333333,0.723404255319149,0.7906976744186046,0.46875,0.6293604651162791
Malawi_DHS_2024,wealth,richest,LightGBM,0.64,0.7157894736842105,0.7906976744186046,0.4375,0.6308139534883721
Malawi_DHS_2024,wealth,richest,XGBoost,0.64,0.7157894736842105,0.7906976744186046,0.4375,0.6242732558139534
Malawi_DHS_2024,wealth,richest,TabPFN,0.6666666666666666,0.7524752475247525,0.8837209302325582,0.375,0.6526162790697674
Malawi_DHS_2024,wealth,poorest,LogReg,0.6071428571428571,0.7079646017699115,0.7547169811320755,0.3548387096774194,0.642726719415703
Malawi_DHS_2024,wealth,poorest,LightGBM,0.5952380952380952,0.711864406779661,0.7924528301886793,0.25806451612903225,0.5441265976871577
Malawi_DHS_2024,wealth,poorest,XGBoost,0.6309523809523809,0.752,0.8867924528301887,0.1935483870967742,0.5824710894704809
Malawi_DHS_2024,wealth,poorest,TabPFN,0.6785714285714286,0.7906976744186046,0.9622641509433962,0.1935483870967742,0.674984783931832
Malawi_DHS_2024,education,primary,LogReg,0.6224066390041494,0.7165109034267912,0.8156028368794326,0.35,0.6822695035460993
Malawi_DHS_2024,education,primary,LightGBM,0.6224066390041494,0.707395498392283,0.7801418439716312,0.4,0.5929078014184397
Malawi_DHS_2024,education,primary,XGBoost,0.5975103734439834,0.7033639143730887,0.8156028368794326,0.29,0.6175886524822695
Malawi_DHS_2024,education,primary,TabPFN,0.6265560165975104,0.7151898734177216,0.8014184397163121,0.38,0.6849290780141843
Malawi_DHS_2024,education,secondary,LogReg,0.6631578947368421,0.7090909090909091,0.7222222222222222,0.5853658536585366,0.6779584462511291
Malawi_DHS_2024,education,secondary,LightGBM,0.631578947368421,0.6846846846846847,0.7037037037037037,0.5365853658536586,0.6300813008130082
Malawi_DHS_2024,education,secondary,XGBoost,0.631578947368421,0.6902654867256637,0.7222222222222222,0.5121951219512195,0.6368563685636857
Malawi_DHS_2024,education,secondary,TabPFN,0.6631578947368421,0.7142857142857143,0.7407407407407407,0.5609756097560976,0.7091237579042458
Malawi_DHS_2024,education,no education,LogReg,0.6666666666666666,0.8,1.0,0.0,0.7551020408163265
Malawi_DHS_2024,education,no education,LightGBM,0.6190476190476191,0.75,0.8571428571428571,0.14285714285714285,0.6428571428571429
Malawi_DHS_2024,education,no education,XGBoost,0.7619047619047619,0.8484848484848485,1.0,0.2857142857142857,0.6530612244897959
Malawi_DHS_2024,education,no education,TabPFN,0.6666666666666666,0.8,1.0,0.0,0.6836734693877551
Malawi_DHS_2024,residence,rural,LogReg,0.6013513513513513,0.6878306878306878,0.7514450867052023,0.3902439024390244,0.6450021147610321
Malawi_DHS_2024,residence,rural,LightGBM,0.581081081081081,0.6574585635359116,0.6878612716763006,0.43089430894308944,0.5795385121481272
Malawi_DHS_2024,residence,rural,XGBoost,0.5777027027027027,0.6736292428198434,0.7456647398843931,0.34146341463414637,0.6132337045913812
Malawi_DHS_2024,residence,rural,TabPFN,0.6216216216216216,0.7005347593582888,0.7572254335260116,0.43089430894308944,0.6793552328586869
Malawi_DHS_2024,residence,urban,LogReg,0.4696969696969697,0.5882352941176471,0.6410256410256411,0.2222222222222222,0.42830009496676164
Malawi_DHS_2024,residence,urban,LightGBM,0.5909090909090909,0.6746987951807228,0.717948717948718,0.4074074074074074,0.5707502374169041
Malawi_DHS_2024,residence,urban,XGBoost,0.6363636363636364,0.7209302325581395,0.7948717948717948,0.4074074074074074,0.6163342830009496
Malawi_DHS_2024,residence,urban,TabPFN,0.5606060606060606,0.6813186813186813,0.7948717948717948,0.2222222222222222,0.5018993352326685
Malawi_DHS_2024,age_group,24–35m,LogReg,0.4961832061068702,0.3888888888888889,0.35,0.6197183098591549,0.4694835680751174
Malawi_DHS_2024,age_group,24–35m,LightGBM,0.5114503816793893,0.4666666666666667,0.4666666666666667,0.5492957746478874,0.47957746478873237
Malawi_DHS_2024,age_group,24–35m,XGBoost,0.5114503816793893,0.39622641509433965,0.35,0.647887323943662,0.4485915492957746
Malawi_DHS_2024,age_group,24–35m,TabPFN,0.5419847328244275,0.0625,0.03333333333333333,0.971830985915493,0.42288732394366196
Malawi_DHS_2024,age_group,12–23m,LogReg,0.6071428571428571,0.725,0.8285714285714286,0.23809523809523808,0.5761148904006047
Malawi_DHS_2024,age_group,12–23m,LightGBM,0.6130952380952381,0.723404255319149,0.8095238095238095,0.2857142857142857,0.5673469387755102
Malawi_DHS_2024,age_group,12–23m,XGBoost,0.6190476190476191,0.7419354838709677,0.8761904761904762,0.19047619047619047,0.5830687830687831
Malawi_DHS_2024,age_group,12–23m,TabPFN,0.6130952380952381,0.7509578544061303,0.9333333333333333,0.07936507936507936,0.6044595616024189
Malawi_DHS_2024,age_group,6–11m,LogReg,0.7222222222222222,0.8387096774193549,1.0,0.0,0.6068376068376069
Malawi_DHS_2024,age_group,6–11m,LightGBM,0.7037037037037037,0.8181818181818182,0.9230769230769231,0.13333333333333333,0.541880341880342
Malawi_DHS_2024,age_group,6–11m,XGBoost,0.7222222222222222,0.8387096774193549,1.0,0.0,0.5264957264957265
Malawi_DHS_2024,age_group,6–11m,TabPFN,0.7222222222222222,0.8387096774193549,1.0,0.0,0.49230769230769234
Malawi_DHS_2024,age_group,0–5m,LogReg,0.45454545454545453,0.625,0.5555555555555556,0.0,0.2777777777777778
Malawi_DHS_2024,age_group,0–5m,LightGBM,0.8181818181818182,0.9,1.0,0.0,0.5555555555555556
Malawi_DHS_2024,age_group,0–5m,XGBoost,0.8181818181818182,0.9,1.0,0.0,0.1111111111111111
Malawi_DHS_2024,age_group,0–5m,TabPFN,0.8181818181818182,0.9,1.0,0.0,0.2222222222222222
Rwanda_DHS_2019_2020,sex,male,LogReg,0.6394849785407726,0.44,0.3626373626373626,0.8169014084507042,0.6507506577929113
Rwanda_DHS_2019_2020,sex,male,LightGBM,0.5793991416309013,0.40963855421686746,0.37362637362637363,0.7112676056338029,0.5663210029407213
Rwanda_DHS_2019_2020,sex,male,XGBoost,0.6137339055793991,0.36619718309859156,0.2857142857142857,0.823943661971831,0.6069493886395295
Rwanda_DHS_2019_2020,sex,male,TabPFN,0.648068669527897,0.4383561643835616,0.3516483516483517,0.8380281690140845,0.665725119950472
Rwanda_DHS_2019_2020,sex,female,LogReg,0.6517857142857143,0.43478260869565216,0.379746835443038,0.8,0.6453077258838935
Rwanda_DHS_2019_2020,sex,female,LightGBM,0.6875,0.527027027027027,0.4936708860759494,0.7931034482758621,0.6493234395460498
Rwanda_DHS_2019_2020,sex,female,XGBoost,0.6741071428571429,0.43410852713178294,0.35443037974683544,0.8482758620689655,0.6618070711479702
Rwanda_DHS_2019_2020,sex,female,TabPFN,0.65625,0.42962962962962964,0.3670886075949367,0.8137931034482758,0.6509384548232213
Rwanda_DHS_2019_2020,wealth,richer,LogReg,0.627906976744186,0.38461538461538464,0.3333333333333333,0.7857142857142857,0.5416666666666667
Rwanda_DHS_2019_2020,wealth,richer,LightGBM,0.6162790697674418,0.35294117647058826,0.3,0.7857142857142857,0.5630952380952381
Rwanda_DHS_2019_2020,wealth,richer,XGBoost,0.6395348837209303,0.3111111111111111,0.23333333333333334,0.8571428571428571,0.5375
Rwanda_DHS_2019_2020,wealth,richer,TabPFN,0.627906976744186,0.30434782608695654,0.23333333333333334,0.8392857142857143,0.5294642857142857
Rwanda_DHS_2019_2020,wealth,richest,LogReg,0.5977011494252874,0.3137254901960784,0.27586206896551724,0.7586206896551724,0.6420927467300832
Rwanda_DHS_2019_2020,wealth,richest,LightGBM,0.632183908045977,0.38461538461538464,0.3448275862068966,0.7758620689655172,0.6462544589774079
Rwanda_DHS_2019_2020,wealth,richest,XGBoost,0.6436781609195402,0.27906976744186046,0.20689655172413793,0.8620689655172413,0.6171224732461356
Rwanda_DHS_2019_2020,wealth,richest,TabPFN,0.632183908045977,0.3333333333333333,0.27586206896551724,0.8103448275862069,0.6563614744351962
Rwanda_DHS_2019_2020,wealth,poorest,LogReg,0.5346534653465347,0.3188405797101449,0.2619047619047619,0.7288135593220338,0.5871670702179177
Rwanda_DHS_2019_2020,wealth,poorest,LightGBM,0.5544554455445545,0.34782608695652173,0.2857142857142857,0.7457627118644068,0.5653753026634383
Rwanda_DHS_2019_2020,wealth,poorest,XGBoost,0.6039603960396039,0.3939393939393939,0.30952380952380953,0.8135593220338984,0.5916061339790153
Rwanda_DHS_2019_2020,wealth,poorest,TabPFN,0.5841584158415841,0.3,0.21428571428571427,0.847457627118644,0.608958837772397
Rwanda_DHS_2019_2020,wealth,poorer,LogReg,0.6404494382022472,0.38461538461538464,0.3125,0.8245614035087719,0.6633771929824561
Rwanda_DHS_2019_2020,wealth,poorer,LightGBM,0.6067415730337079,0.3137254901960784,0.25,0.8070175438596491,0.5838815789473685
Rwanda_DHS_2019_2020,wealth,poorer,XGBoost,0.6853932584269663,0.3333333333333333,0.21875,0.9473684210526315,0.6655701754385965
Rwanda_DHS_2019_2020,wealth,poorer,TabPFN,0.6741573033707865,0.32558139534883723,0.21875,0.9298245614035088,0.6461074561403509
Rwanda_DHS_2019_2020,wealth,middle,LogReg,0.6276595744680851,0.4927536231884058,0.4722222222222222,0.7241379310344828,0.6594827586206896
Rwanda_DHS_2019_2020,wealth,middle,LightGBM,0.6595744680851063,0.5151515151515151,0.4722222222222222,0.7758620689655172,0.6824712643678161
Rwanda_DHS_2019_2020,wealth,middle,XGBoost,0.6382978723404256,0.46875,0.4166666666666667,0.7758620689655172,0.6987547892720306
Rwanda_DHS_2019_2020,wealth,middle,TabPFN,0.6702127659574468,0.5230769230769231,0.4722222222222222,0.7931034482758621,0.696360153256705
Rwanda_DHS_2019_2020,education,secondary,LogReg,0.5930232558139535,0.5070422535211268,0.5142857142857142,0.6470588235294118,0.5977591036414566
Rwanda_DHS_2019_2020,education,secondary,LightGBM,0.5813953488372093,0.4375,0.4,0.7058823529411765,0.6067226890756302
Rwanda_DHS_2019_2020,education,secondary,XGBoost,0.627906976744186,0.5,0.45714285714285713,0.7450980392156863,0.6492997198879552
Rwanda_DHS_2019_2020,education,secondary,TabPFN,0.6511627906976745,0.5,0.42857142857142855,0.803921568627451,0.6980392156862745
Rwanda_DHS_2019_2020,education,higher,LogReg,0.6818181818181818,0.46153846153846156,0.42857142857142855,0.8,0.5047619047619047
Rwanda_DHS_2019_2020,education,higher,LightGBM,0.5909090909090909,0.3076923076923077,0.2857142857142857,0.7333333333333333,0.5714285714285714
Rwanda_DHS_2019_2020,education,higher,XGBoost,0.6818181818181818,0.2222222222222222,0.14285714285714285,0.9333333333333333,0.6476190476190476
Rwanda_DHS_2019_2020,education,higher,TabPFN,0.6363636363636364,0.0,0.0,0.9333333333333333,0.638095238095238
Rwanda_DHS_2019_2020,education,primary,LogReg,0.6013289036544851,0.3939393939393939,0.35454545454545455,0.743455497382199,0.5837696335078535
Rwanda_DHS_2019_2020,education,primary,LightGBM,0.5913621262458472,0.33513513513513515,0.2818181818181818,0.7696335078534031,0.554878629224179
Rwanda_DHS_2019_2020,education,primary,XGBoost,0.6345514950166113,0.32098765432098764,0.23636363636363636,0.8638743455497382,0.5799143265111851
Rwanda_DHS_2019_2020,education,primary,TabPFN,0.6312292358803987,0.31901840490797545,0.23636363636363636,0.8586387434554974,0.60140409328891
Rwanda_DHS_2019_2020,education,no education,LogReg,0.5208333333333334,0.34285714285714286,0.3157894736842105,0.6551724137931034,0.5009074410163339
Rwanda_DHS_2019_2020,education,no education,LightGBM,0.5625,0.36363636363636365,0.3157894736842105,0.7241379310344828,0.45735027223230484
Rwanda_DHS_2019_2020,education,no education,XGBoost,0.625,0.3076923076923077,0.21052631578947367,0.896551724137931,0.4918330308529945
Rwanda_DHS_2019_2020,education,no education,TabPFN,0.5833333333333334,0.2857142857142857,0.21052631578947367,0.8275862068965517,0.499092558983666
Rwanda_DHS_2019_2020,residence,rural,LogReg,0.6507042253521127,0.43636363636363634,0.35555555555555557,0.8318181818181818,0.6803030303030304
Rwanda_DHS_2019_2020,residence,rural,LightGBM,0.6338028169014085,0.4036697247706422,0.32592592592592595,0.8227272727272728,0.6027946127946127
Rwanda_DHS_2019_2020,residence,rural,XGBoost,0.6309859154929578,0.3350253807106599,0.24444444444444444,0.8681818181818182,0.6248148148148149
Rwanda_DHS_2019_2020,residence,rural,TabPFN,0.6816901408450704,0.43781094527363185,0.32592592592592595,0.9,0.6854040404040403
Rwanda_DHS_2019_2020,residence,urban,LogReg,0.6862745098039216,0.4838709677419355,0.42857142857142855,0.8208955223880597,0.7245202558635394
Rwanda_DHS_2019_2020,residence,urban,LightGBM,0.696078431372549,0.4745762711864407,0.4,0.8507462686567164,0.6831556503198295
Rwanda_DHS_2019_2020,residence,urban,XGBoost,0.6568627450980392,0.3137254901960784,0.22857142857142856,0.8805970149253731,0.6660980810234541
Rwanda_DHS_2019_2020,residence,urban,TabPFN,0.7352941176470589,0.5573770491803278,0.4857142857142857,0.8656716417910447,0.771002132196162
Rwanda_DHS_2019_2020,age_group,36–47m,LogReg,0.6705882352941176,0.2222222222222222,0.17391304347826086,0.8548387096774194,0.5161290322580645
Rwanda_DHS_2019_2020,age_group,36–47m,LightGBM,0.6823529411764706,0.18181818181818182,0.13043478260869565,0.8870967741935484,0.5841514726507714
Rwanda_DHS_2019_2020,age_group,36–47m,XGBoost,0.7058823529411765,0.13793103448275862,0.08695652173913043,0.9354838709677419,0.5315568022440393
Rwanda_DHS_2019_2020,age_group,36–47m,TabPFN,0.7294117647058823,0.08,0.043478260869565216,0.9838709677419355,0.5238429172510519
Rwanda_DHS_2019_2020,age_group,6–11m,LogReg,0.62,0.6984126984126984,0.7096774193548387,0.47368421052631576,0.5297113752122241
Rwanda_DHS_2019_2020,age_group,6–11m,LightGBM,0.56,0.6666666666666666,0.7096774193548387,0.3157894736842105,0.5076400679117148
Rwanda_DHS_2019_2020,age_group,6–11m,XGBoost,0.66,0.7671232876712328,0.9032258064516129,0.2631578947368421,0.5568760611205433
Rwanda_DHS_2019_2020,age_group,6–11m,TabPFN,0.56,0.6944444444444444,0.8064516129032258,0.15789473684210525,0.4940577249575552
Rwanda_DHS_2019_2020,age_group,48–59m,LogReg,0.7547169811320755,0.0,0.0,0.975609756097561,0.7134146341463415
Rwanda_DHS_2019_2020,age_group,48–59m,LightGBM,0.7924528301886793,0.15384615384615385,0.08333333333333333,1.0,0.5548780487804879
Rwanda_DHS_2019_2020,age_group,48–59m,XGBoost,0.7735849056603774,0.0,0.0,1.0,0.6300813008130081
Rwanda_DHS_2019_2020,age_group,48–59m,TabPFN,0.7735849056603774,0.0,0.0,1.0,0.6595528455284553
Rwanda_DHS_2019_2020,age_group,24–35m,LogReg,0.6666666666666666,0.16666666666666666,0.1111111111111111,0.9047619047619048,0.5148809523809523
Rwanda_DHS_2019_2020,age_group,24–35m,LightGBM,0.7166666666666667,0.2608695652173913,0.16666666666666666,0.9523809523809523,0.5833333333333334
Rwanda_DHS_2019_2020,age_group,24–35m,XGBoost,0.7,0.05263157894736842,0.027777777777777776,0.9880952380952381,0.6193783068783069
Rwanda_DHS_2019_2020,age_group,24–35m,TabPFN,0.7,0.0,0.0,1.0,0.53885582010582
Rwanda_DHS_2019_2020,age_group,12–23m,LogReg,0.5755395683453237,0.3917525773195876,0.3064516129032258,0.7922077922077922,0.5582320904901551
Rwanda_DHS_2019_2020,age_group,12–23m,LightGBM,0.5539568345323741,0.44642857142857145,0.4032258064516129,0.6753246753246753,0.5441977377461249
Rwanda_DHS_2019_2020,age_group,12–23m,XGBoost,0.5683453237410072,0.4117647058823529,0.3387096774193548,0.7532467532467533,0.5414746543778802
Rwanda_DHS_2019_2020,age_group,12–23m,TabPFN,0.5539568345323741,0.0,0.0,1.0,0.5741516547968161
Rwanda_DHS_2019_2020,age_group,0–5m,LogReg,0.5,0.625,0.7142857142857143,0.2,0.6
Rwanda_DHS_2019_2020,age_group,0–5m,LightGBM,0.4166666666666667,0.5333333333333333,0.5714285714285714,0.2,0.5428571428571428
Rwanda_DHS_2019_2020,age_group,0–5m,XGBoost,0.5833333333333334,0.6666666666666666,0.7142857142857143,0.4,0.6
Rwanda_DHS_2019_2020,age_group,0–5m,TabPFN,0.5833333333333334,0.7368421052631579,1.0,0.0,0.8
Sierra_Leone_DHS_2019,sex,male,LogReg,0.7359307359307359,0.83008356545961,0.8869047619047619,0.3333333333333333,0.691609977324263
Sierra_Leone_DHS_2019,sex,male,LightGBM,0.6753246753246753,0.7933884297520661,0.8571428571428571,0.19047619047619047,0.6453136810279668
Sierra_Leone_DHS_2019,sex,male,XGBoost,0.7316017316017316,0.8385416666666666,0.9583333333333334,0.12698412698412698,0.6329365079365079
Sierra_Leone_DHS_2019,sex,male,TabPFN,0.7229437229437229,0.8367346938775511,0.9761904761904762,0.047619047619047616,0.6670918367346939
Sierra_Leone_DHS_2019,sex,female,LogReg,0.6912442396313364,0.7899686520376176,0.8689655172413793,0.3333333333333333,0.6564176245210728
Sierra_Leone_DHS_2019,sex,female,LightGBM,0.6682027649769585,0.7831325301204819,0.896551724137931,0.20833333333333334,0.6036398467432951
Sierra_Leone_DHS_2019,sex,female,XGBoost,0.6912442396313364,0.8035190615835777,0.9448275862068966,0.18055555555555555,0.6368773946360153
Sierra_Leone_DHS_2019,sex,female,TabPFN,0.695852534562212,0.8047337278106509,0.9379310344827586,0.20833333333333334,0.6450191570881226
Sierra_Leone_DHS_2019,wealth,poorest,LogReg,0.7192982456140351,0.8367346938775511,0.9761904761904762,0.0,0.5738095238095239
Sierra_Leone_DHS_2019,wealth,poorest,LightGBM,0.7192982456140351,0.8297872340425532,0.9285714285714286,0.13333333333333333,0.4630952380952381
Sierra_Leone_DHS_2019,wealth,poorest,XGBoost,0.7280701754385965,0.841025641025641,0.9761904761904762,0.03333333333333333,0.5138888888888888
Sierra_Leone_DHS_2019,wealth,poorest,TabPFN,0.7368421052631579,0.8484848484848485,1.0,0.0,0.5638888888888889
Sierra_Leone_DHS_2019,wealth,middle,LogReg,0.7096774193548387,0.8187919463087249,0.8970588235294118,0.2,0.5970588235294118
Sierra_Leone_DHS_2019,wealth,middle,LightGBM,0.7419354838709677,0.84,0.9264705882352942,0.24,0.66
Sierra_Leone_DHS_2019,wealth,middle,XGBoost,0.7096774193548387,0.8280254777070064,0.9558823529411765,0.04,0.6352941176470588
Sierra_Leone_DHS_2019,wealth,middle,TabPFN,0.7204301075268817,0.8375,0.9852941176470589,0.0,0.6285294117647059
Sierra_Leone_DHS_2019,wealth,poorer,LogReg,0.7525773195876289,0.8571428571428571,0.972972972972973,0.043478260869565216,0.5076380728554641
Sierra_Leone_DHS_2019,wealth,poorer,LightGBM,0.7731958762886598,0.8674698795180723,0.972972972972973,0.13043478260869565,0.6568742655699178
Sierra_Leone_DHS_2019,wealth,poorer,XGBoost,0.7731958762886598,0.8705882352941177,1.0,0.043478260869565216,0.6398354876615746
Sierra_Leone_DHS_2019,wealth,poorer,TabPFN,0.7731958762886598,0.8705882352941177,1.0,0.043478260869565216,0.5111633372502938
Sierra_Leone_DHS_2019,wealth,richer,LogReg,0.6395348837209303,0.7559055118110236,0.8421052631578947,0.2413793103448276,0.6091954022988505
Sierra_Leone_DHS_2019,wealth,richer,LightGBM,0.7209302325581395,0.8153846153846154,0.9298245614035088,0.3103448275862069,0.6339987900786449
Sierra_Leone_DHS_2019,wealth,richer,XGBoost,0.7325581395348837,0.8296296296296296,0.9824561403508771,0.2413793103448276,0.6926799758015729
Sierra_Leone_DHS_2019,wealth,richer,TabPFN,0.7093023255813954,0.8148148148148148,0.9649122807017544,0.20689655172413793,0.6594071385359952
Sierra_Leone_DHS_2019,wealth,richest,LogReg,0.559322033898305,0.5185185185185185,0.45161290322580644,0.6785714285714286,0.5771889400921659
Sierra_Leone_DHS_2019,wealth,richest,LightGBM,0.6779661016949152,0.7076923076923077,0.7419354838709677,0.6071428571428571,0.6670506912442397
Sierra_Leone_DHS_2019,wealth,richest,XGBoost,0.6440677966101694,0.6666666666666666,0.6774193548387096,0.6071428571428571,0.6532258064516129
Sierra_Leone_DHS_2019,wealth,richest,TabPFN,0.6271186440677966,0.6333333333333333,0.6129032258064516,0.6428571428571429,0.657258064516129
Sierra_Leone_DHS_2019,education,no education,LogReg,0.7310924369747899,0.8431372549019608,0.9608938547486033,0.03389830508474576,0.6075182274405833
Sierra_Leone_DHS_2019,education,no education,LightGBM,0.7184873949579832,0.8286445012787724,0.9050279329608939,0.15254237288135594,0.52921124893476
Sierra_Leone_DHS_2019,education,no education,XGBoost,0.7478991596638656,0.8543689320388349,0.9832402234636871,0.03389830508474576,0.5568601458195247
Sierra_Leone_DHS_2019,education,no education,TabPFN,0.7352941176470589,0.847457627118644,0.9776536312849162,0.0,0.582141842628539
Sierra_Leone_DHS_2019,education,primary,LogReg,0.6521739130434783,0.7735849056603774,0.8723404255319149,0.18181818181818182,0.5193423597678917
Sierra_Leone_DHS_2019,education,primary,LightGBM,0.5797101449275363,0.7184466019417476,0.7872340425531915,0.13636363636363635,0.5551257253384912
Sierra_Leone_DHS_2019,education,primary,XGBoost,0.6086956521739131,0.7522935779816514,0.8723404255319149,0.045454545454545456,0.5686653771760155
Sierra_Leone_DHS_2019,education,primary,TabPFN,0.6666666666666666,0.8,0.9787234042553191,0.0,0.4835589941972921
Sierra_Leone_DHS_2019,education,secondary,LogReg,0.640625,0.7088607594936709,0.7,0.5416666666666666,0.6669270833333333
Sierra_Leone_DHS_2019,education,secondary,LightGBM,0.7265625,0.7878787878787878,0.8125,0.5833333333333334,0.7036458333333334
Sierra_Leone_DHS_2019,education,secondary,XGBoost,0.6875,0.7727272727272727,0.85,0.4166666666666667,0.6859375
Sierra_Leone_DHS_2019,education,secondary,TabPFN,0.65625,0.7411764705882353,0.7875,0.4375,0.6666666666666667
Sierra_Leone_DHS_2019,education,higher,LogReg,0.5,0.5882352941176471,0.7142857142857143,0.2857142857142857,0.673469387755102
Sierra_Leone_DHS_2019,education,higher,LightGBM,0.7142857142857143,0.75,0.8571428571428571,0.5714285714285714,0.6938775510204082
Sierra_Leone_DHS_2019,education,higher,XGBoost,0.6428571428571429,0.7058823529411765,0.8571428571428571,0.42857142857142855,0.7755102040816326
Sierra_Leone_DHS_2019,education,higher,TabPFN,0.7142857142857143,0.75,0.8571428571428571,0.5714285714285714,0.836734693877551
Sierra_Leone_DHS_2019,residence,rural,LogReg,0.7542087542087542,0.858252427184466,0.9910313901345291,0.04054054054054054,0.6062901466488911
Sierra_Leone_DHS_2019,residence,rural,LightGBM,0.734006734006734,0.8435643564356435,0.9551569506726457,0.06756756756756757,0.5796267119137074
Sierra_Leone_DHS_2019,residence,rural,XGBoost,0.7441077441077442,0.8515625,0.9775784753363229,0.04054054054054054,0.5870197551811901
Sierra_Leone_DHS_2019,residence,rural,TabPFN,0.7542087542087542,0.8571428571428571,0.9820627802690582,0.06756756756756757,0.5978063265058782
Sierra_Leone_DHS_2019,residence,urban,LogReg,0.6688741721854304,0.7596153846153846,0.8777777777777778,0.36065573770491804,0.6540983606557377
Sierra_Leone_DHS_2019,residence,urban,LightGBM,0.609271523178808,0.7064676616915423,0.7888888888888889,0.3442622950819672,0.6034608378870674
Sierra_Leone_DHS_2019,residence,urban,XGBoost,0.609271523178808,0.7230046948356808,0.8555555555555555,0.2459016393442623,0.6060109289617486
Sierra_Leone_DHS_2019,residence,urban,TabPFN,0.6622516556291391,0.7582938388625592,0.8888888888888888,0.32786885245901637,0.6445355191256831
Sierra_Leone_DHS_2019,age_group,24–35m,LogReg,0.6756756756756757,0.7721518987341772,0.8243243243243243,0.3783783783783784,0.6961285609934259
Sierra_Leone_DHS_2019,age_group,24–35m,LightGBM,0.6036036036036037,0.7283950617283951,0.7972972972972973,0.21621621621621623,0.47552958363769177
Sierra_Leone_DHS_2019,age_group,24–35m,XGBoost,0.6486486486486487,0.7771428571428571,0.918918918918919,0.10810810810810811,0.4978086194302411
Sierra_Leone_DHS_2019,age_group,24–35m,TabPFN,0.6666666666666666,0.8,1.0,0.0,0.6482834185536889
Sierra_Leone_DHS_2019,age_group,12–23m,LogReg,0.7465753424657534,0.8514056224899599,0.9464285714285714,0.08823529411764706,0.6160714285714286
Sierra_Leone_DHS_2019,age_group,12–23m,LightGBM,0.7465753424657534,0.8549019607843137,0.9732142857142857,0.0,0.5186449579831932
Sierra_Leone_DHS_2019,age_group,12–23m,XGBoost,0.7602739726027398,0.8638132295719845,0.9910714285714286,0.0,0.597951680672269
Sierra_Leone_DHS_2019,age_group,12–23m,TabPFN,0.7671232876712328,0.8682170542635659,1.0,0.0,0.5715598739495799
Sierra_Leone_DHS_2019,age_group,48–59m,LogReg,0.5652173913043478,0.6296296296296297,0.68,0.42857142857142855,0.6666666666666667
Sierra_Leone_DHS_2019,age_group,48–59m,LightGBM,0.6086956521739131,0.6785714285714286,0.76,0.42857142857142855,0.700952380952381
Sierra_Leone_DHS_2019,age_group,48–59m,XGBoost,0.6956521739130435,0.75,0.84,0.5238095238095238,0.7085714285714286
Sierra_Leone_DHS_2019,age_group,48–59m,TabPFN,0.5652173913043478,0.6153846153846154,0.64,0.47619047619047616,0.641904761904762
Sierra_Leone_DHS_2019,age_group,36–47m,LogReg,0.5633802816901409,0.651685393258427,0.6904761904761905,0.3793103448275862,0.6108374384236452
Sierra_Leone_DHS_2019,age_group,36–47m,LightGBM,0.5070422535211268,0.6153846153846154,0.6666666666666666,0.27586206896551724,0.5024630541871921
Sierra_Leone_DHS_2019,age_group,36–47m,XGBoost,0.5774647887323944,0.6875,0.7857142857142857,0.27586206896551724,0.5665024630541872
Sierra_Leone_DHS_2019,age_group,36–47m,TabPFN,0.647887323943662,0.7572815533980582,0.9285714285714286,0.2413793103448276,0.6104269293924467
Sierra_Leone_DHS_2019,age_group,6–11m,LogReg,0.7931034482758621,0.8775510204081632,0.9148936170212766,0.2727272727272727,0.5261121856866537
Sierra_Leone_DHS_2019,age_group,6–11m,LightGBM,0.8103448275862069,0.8932038834951457,0.9787234042553191,0.09090909090909091,0.5725338491295938
Sierra_Leone_DHS_2019,age_group,6–11m,XGBoost,0.8103448275862069,0.8952380952380953,1.0,0.0,0.5686653771760155
Sierra_Leone_DHS_2019,age_group,6–11m,TabPFN,0.8103448275862069,0.8952380952380953,1.0,0.0,0.6131528046421664
Sierra_Leone_DHS_2019,age_group,0–5m,LogReg,0.7058823529411765,0.8275862068965517,0.8571428571428571,0.0,0.7857142857142858
Sierra_Leone_DHS_2019,age_group,0–5m,LightGBM,0.8235294117647058,0.9032258064516129,1.0,0.0,0.47619047619047616
Sierra_Leone_DHS_2019,age_group,0–5m,XGBoost,0.8235294117647058,0.9032258064516129,1.0,0.0,0.5714285714285715
Sierra_Leone_DHS_2019,age_group,0–5m,TabPFN,0.8235294117647058,0.9032258064516129,1.0,0.0,0.7380952380952381
Haiti_DHS_2016-2017,sex,female,LogReg,0.6182432432432432,0.7263922518159807,0.7853403141361257,0.3142857142857143,0.5980553477935677
Haiti_DHS_2016-2017,sex,female,LightGBM,0.6554054054054054,0.7571428571428571,0.8324607329842932,0.3333333333333333,0.6188980304163552
Haiti_DHS_2016-2017,sex,female,XGBoost,0.6486486486486487,0.7614678899082569,0.8691099476439791,0.24761904761904763,0.6384941411119421
Haiti_DHS_2016-2017,sex,female,TabPFN,0.6385135135135135,0.7573696145124716,0.8743455497382199,0.20952380952380953,0.643779606083271
Haiti_DHS_2016-2017,sex,male,LogReg,0.7081967213114754,0.8077753779697624,0.8779342723004695,0.31521739130434784,0.6850377628087365
Haiti_DHS_2016-2017,sex,male,LightGBM,0.7016393442622951,0.8017429193899782,0.863849765258216,0.32608695652173914,0.661104307001429
Haiti_DHS_2016-2017,sex,male,XGBoost,0.6983606557377049,0.8083333333333333,0.9107981220657277,0.20652173913043478,0.662890385793019
Haiti_DHS_2016-2017,sex,male,TabPFN,0.7213114754098361,0.8210526315789474,0.9154929577464789,0.2717391304347826,0.6987905695039804
Haiti_DHS_2016-2017,wealth,poorer,LogReg,0.6744186046511628,0.8018867924528302,0.9659090909090909,0.04878048780487805,0.6599223946784922
Haiti_DHS_2016-2017,wealth,poorer,LightGBM,0.6046511627906976,0.7384615384615385,0.8181818181818182,0.14634146341463414,0.5249445676274944
Haiti_DHS_2016-2017,wealth,poorer,XGBoost,0.6744186046511628,0.8,0.9545454545454546,0.07317073170731707,0.5606984478935698
Haiti_DHS_2016-2017,wealth,poorer,TabPFN,0.6821705426356589,0.8110599078341014,1.0,0.0,0.594789356984479
Haiti_DHS_2016-2017,wealth,middle,LogReg,0.7559055118110236,0.8530805687203792,0.967741935483871,0.17647058823529413,0.711258697027198
Haiti_DHS_2016-2017,wealth,middle,LightGBM,0.7244094488188977,0.8325358851674641,0.9354838709677419,0.14705882352941177,0.6657179000632512
Haiti_DHS_2016-2017,wealth,middle,XGBoost,0.7007874015748031,0.8207547169811321,0.9354838709677419,0.058823529411764705,0.6249209361163821
Haiti_DHS_2016-2017,wealth,middle,TabPFN,0.7165354330708661,0.8301886792452831,0.946236559139785,0.08823529411764706,0.7319734345351043
Haiti_DHS_2016-2017,wealth,richest,LogReg,0.5176470588235295,0.6019417475728155,0.6326530612244898,0.3611111111111111,0.5685941043083901
Haiti_DHS_2016-2017,wealth,richest,LightGBM,0.5647058823529412,0.6542056074766355,0.7142857142857143,0.3611111111111111,0.46655328798185947
Haiti_DHS_2016-2017,wealth,richest,XGBoost,0.4823529411764706,0.6140350877192983,0.7142857142857143,0.16666666666666666,0.409297052154195
Haiti_DHS_2016-2017,wealth,richest,TabPFN,0.5176470588235295,0.6434782608695652,0.7551020408163265,0.19444444444444445,0.560374149659864
Haiti_DHS_2016-2017,wealth,richer,LogReg,0.6355140186915887,0.7547169811320755,0.8333333333333334,0.22857142857142856,0.598015873015873
Haiti_DHS_2016-2017,wealth,richer,LightGBM,0.6261682242990654,0.7402597402597403,0.7916666666666666,0.2857142857142857,0.5813492063492064
Haiti_DHS_2016-2017,wealth,richer,XGBoost,0.6542056074766355,0.7701863354037267,0.8611111111111112,0.22857142857142856,0.6150793650793651
Haiti_DHS_2016-2017,wealth,richer,TabPFN,0.719626168224299,0.8076923076923077,0.875,0.4,0.6619047619047619
Haiti_DHS_2016-2017,wealth,poorest,LogReg,0.7012987012987013,0.7964601769911505,0.8653846153846154,0.36,0.7051923076923077
Haiti_DHS_2016-2017,wealth,poorest,LightGBM,0.6948051948051948,0.7947598253275109,0.875,0.32,0.7184615384615385
Haiti_DHS_2016-2017,wealth,poorest,XGBoost,0.6948051948051948,0.8065843621399177,0.9423076923076923,0.18,0.69
Haiti_DHS_2016-2017,wealth,poorest,TabPFN,0.7142857142857143,0.8151260504201681,0.9326923076923077,0.26,0.7543269230769232
Haiti_DHS_2016-2017,education,primary,LogReg,0.690677966101695,0.7966573816155988,0.8827160493827161,0.2702702702702703,0.6802635969302637
Haiti_DHS_2016-2017,education,primary,LightGBM,0.6779661016949152,0.7816091954022989,0.8395061728395061,0.32432432432432434,0.6358858858858858
Haiti_DHS_2016-2017,education,primary,XGBoost,0.6779661016949152,0.7934782608695652,0.9012345679012346,0.1891891891891892,0.6395562228895562
Haiti_DHS_2016-2017,education,primary,TabPFN,0.7033898305084746,0.8118279569892473,0.9320987654320988,0.20270270270270271,0.6446863530196861
Haiti_DHS_2016-2017,education,secondary,LogReg,0.6330645161290323,0.7422096317280453,0.7891566265060241,0.3170731707317073,0.6280487804878049
Haiti_DHS_2016-2017,education,secondary,LightGBM,0.6451612903225806,0.7582417582417582,0.8313253012048193,0.2682926829268293,0.6248898031148986
Haiti_DHS_2016-2017,education,secondary,XGBoost,0.657258064516129,0.7757255936675461,0.8855421686746988,0.1951219512195122,0.6285630326182781
Haiti_DHS_2016-2017,education,secondary,TabPFN,0.6491935483870968,0.7642276422764228,0.8493975903614458,0.24390243902439024,0.6484352042315604
Haiti_DHS_2016-2017,education,higher,LogReg,0.5454545454545454,0.6428571428571429,0.75,0.3,0.49166666666666664
Haiti_DHS_2016-2017,education,higher,LightGBM,0.5,0.56,0.5833333333333334,0.4,0.31666666666666665
Haiti_DHS_2016-2017,education,higher,XGBoost,0.5454545454545454,0.6428571428571429,0.75,0.3,0.43333333333333335
Haiti_DHS_2016-2017,education,higher,TabPFN,0.45454545454545453,0.625,0.8333333333333334,0.0,0.3333333333333333
Haiti_DHS_2016-2017,education,no education,LogReg,0.6804123711340206,0.7703703703703704,0.7878787878787878,0.45161290322580644,0.6304985337243402
Haiti_DHS_2016-2017,education,no education,LightGBM,0.6391752577319587,0.7552447552447552,0.8181818181818182,0.25806451612903225,0.6202346041055719
Haiti_DHS_2016-2017,education,no education,XGBoost,0.6597938144329897,0.7785234899328859,0.8787878787878788,0.1935483870967742,0.6202346041055719
Haiti_DHS_2016-2017,education,no education,TabPFN,0.6494845360824743,0.7671232876712328,0.8484848484848485,0.22580645161290322,0.5987292277614858
Haiti_DHS_2016-2017,residence,rural,LogReg,0.6641975308641975,0.7834394904458599,0.8978102189781022,0.17557251908396945,0.6537304284838692
Haiti_DHS_2016-2017,residence,rural,LightGBM,0.6395061728395062,0.7574750830564784,0.8321167883211679,0.2366412213740458,0.599543099125202
Haiti_DHS_2016-2017,residence,rural,XGBoost,0.6814814814814815,0.794912559618442,0.9124087591240876,0.1984732824427481,0.6216080682008135
Haiti_DHS_2016-2017,residence,rural,TabPFN,0.674074074074074,0.7904761904761904,0.9087591240875912,0.183206106870229,0.6544129938151223
Haiti_DHS_2016-2017,residence,urban,LogReg,0.6938775510204082,0.7761194029850746,0.7938931297709924,0.49230769230769234,0.701937756899589
Haiti_DHS_2016-2017,residence,urban,LightGBM,0.6581632653061225,0.7665505226480837,0.8396946564885496,0.2923076923076923,0.6396946564885496
Haiti_DHS_2016-2017,residence,urban,XGBoost,0.6938775510204082,0.7972972972972973,0.9007633587786259,0.27692307692307694,0.6776277157956547
Haiti_DHS_2016-2017,residence,urban,TabPFN,0.6887755102040817,0.7903780068728522,0.8778625954198473,0.3076923076923077,0.7305930710510863
Haiti_DHS_2016-2017,age_group,24–35m,LogReg,0.6598639455782312,0.7663551401869159,0.8541666666666666,0.29411764705882354,0.6203022875816994
Haiti_DHS_2016-2017,age_group,24–35m,LightGBM,0.5986394557823129,0.7177033492822966,0.78125,0.2549019607843137,0.5651552287581699
Haiti_DHS_2016-2017,age_group,24–35m,XGBoost,0.6598639455782312,0.782608695652174,0.9375,0.13725490196078433,0.6076388888888888
Haiti_DHS_2016-2017,age_group,24–35m,TabPFN,0.6530612244897959,0.7883817427385892,0.9895833333333334,0.0196078431372549,0.578125
Haiti_DHS_2016-2017,age_group,12–23m,LogReg,0.8033707865168539,0.8909657320872274,1.0,0.0,0.557042957042957
Haiti_DHS_2016-2017,age_group,12–23m,LightGBM,0.7584269662921348,0.8626198083067093,0.9440559440559441,0.0,0.5422577422577423
Haiti_DHS_2016-2017,age_group,12–23m,XGBoost,0.7921348314606742,0.8840125391849529,0.986013986013986,0.0,0.5422577422577424
Haiti_DHS_2016-2017,age_group,12–23m,TabPFN,0.8033707865168539,0.8909657320872274,1.0,0.0,0.5753246753246753
Haiti_DHS_2016-2017,age_group,36–47m,LogReg,0.5607476635514018,0.656934306569343,0.703125,0.3488372093023256,0.5225290697674418
Haiti_DHS_2016-2017,age_group,36–47m,LightGBM,0.5607476635514018,0.6466165413533834,0.671875,0.3953488372093023,0.5519622093023256
Haiti_DHS_2016-2017,age_group,36–47m,XGBoost,0.5420560747663551,0.6620689655172414,0.75,0.23255813953488372,0.5276162790697674
Haiti_DHS_2016-2017,age_group,36–47m,TabPFN,0.5981308411214953,0.7295597484276729,0.90625,0.13953488372093023,0.5041787790697674
Haiti_DHS_2016-2017,age_group,48–59m,LogReg,0.5730337078651685,0.5128205128205128,0.5,0.6326530612244898,0.5607142857142857
Haiti_DHS_2016-2017,age_group,48–59m,LightGBM,0.5280898876404494,0.43243243243243246,0.4,0.6326530612244898,0.5719387755102041
Haiti_DHS_2016-2017,age_group,48–59m,XGBoost,0.47191011235955055,0.3380281690140845,0.3,0.6122448979591837,0.5015306122448979
Haiti_DHS_2016-2017,age_group,48–59m,TabPFN,0.5280898876404494,0.0,0.0,0.9591836734693877,0.5165816326530612
Haiti_DHS_2016-2017,age_group,6–11m,LogReg,0.7647058823529411,0.864406779661017,0.9444444444444444,0.07142857142857142,0.6904761904761905
Haiti_DHS_2016-2017,age_group,6–11m,LightGBM,0.75,0.8547008547008547,0.9259259259259259,0.07142857142857142,0.626984126984127
Haiti_DHS_2016-2017,age_group,6–11m,XGBoost,0.7941176470588235,0.8852459016393442,1.0,0.0,0.585978835978836
Haiti_DHS_2016-2017,age_group,6–11m,TabPFN,0.7941176470588235,0.8852459016393442,1.0,0.0,0.537037037037037
Haiti_DHS_2016-2017,age_group,0–5m,LogReg,0.6153846153846154,0.7368421052631579,0.875,0.2,0.75
Haiti_DHS_2016-2017,age_group,0–5m,LightGBM,0.6153846153846154,0.7368421052631579,0.875,0.2,0.5874999999999999
Haiti_DHS_2016-2017,age_group,0–5m,XGBoost,0.5384615384615384,0.6666666666666666,0.75,0.2,0.5249999999999999
Haiti_DHS_2016-2017,age_group,0–5m,TabPFN,0.6153846153846154,0.7368421052631579,0.875,0.2,0.6
Kyrgyz_Republic_DHS_2012,sex,male,LogReg,0.6327433628318584,0.6139534883720931,0.6055045871559633,0.6581196581196581,0.6769387595075668
Kyrgyz_Republic_DHS_2012,sex,male,LightGBM,0.6504424778761062,0.6255924170616114,0.6055045871559633,0.6923076923076923,0.6719987453932408
Kyrgyz_Republic_DHS_2012,sex,male,XGBoost,0.6371681415929203,0.6057692307692307,0.5779816513761468,0.6923076923076923,0.6705873127891477
Kyrgyz_Republic_DHS_2012,sex,male,TabPFN,0.672566371681416,0.6476190476190476,0.6238532110091743,0.717948717948718,0.6970516741158943
Kyrgyz_Republic_DHS_2012,sex,female,LogReg,0.5952380952380952,0.5549738219895288,0.5520833333333334,0.631578947368421,0.6277412280701754
Kyrgyz_Republic_DHS_2012,sex,female,LightGBM,0.5714285714285714,0.47674418604651164,0.4270833333333333,0.6929824561403509,0.5671600877192983
Kyrgyz_Republic_DHS_2012,sex,female,XGBoost,0.5523809523809524,0.4470588235294118,0.3958333333333333,0.6842105263157895,0.5753837719298245
Kyrgyz_Republic_DHS_2012,sex,female,TabPFN,0.6,0.5670103092783505,0.5729166666666666,0.6228070175438597,0.6327668128654971
Kyrgyz_Republic_DHS_2012,wealth,poorest,LogReg,0.6804123711340206,0.6265060240963856,0.5416666666666666,0.8163265306122449,0.7670068027210885
Kyrgyz_Republic_DHS_2012,wealth,poorest,LightGBM,0.5876288659793815,0.5,0.4166666666666667,0.7551020408163265,0.6994047619047619
Kyrgyz_Republic_DHS_2012,wealth,poorest,XGBoost,0.6288659793814433,0.5609756097560976,0.4791666666666667,0.7755102040816326,0.7032312925170068
Kyrgyz_Republic_DHS_2012,wealth,poorest,TabPFN,0.6804123711340206,0.6352941176470588,0.5625,0.7959183673469388,0.771045918367347
Kyrgyz_Republic_DHS_2012,wealth,middle,LogReg,0.5959595959595959,0.5348837209302325,0.5111111111111111,0.6666666666666666,0.6522633744855967
Kyrgyz_Republic_DHS_2012,wealth,middle,LightGBM,0.6363636363636364,0.6,0.6,0.6666666666666666,0.642798353909465
Kyrgyz_Republic_DHS_2012,wealth,middle,XGBoost,0.6262626262626263,0.5647058823529412,0.5333333333333333,0.7037037037037037,0.6419753086419753
Kyrgyz_Republic_DHS_2012,wealth,middle,TabPFN,0.6060606060606061,0.5894736842105263,0.6222222222222222,0.5925925925925926,0.6380658436213992
Kyrgyz_Republic_DHS_2012,wealth,richest,LogReg,0.532258064516129,0.40816326530612246,0.37037037037037035,0.6571428571428571,0.5703703703703704
Kyrgyz_Republic_DHS_2012,wealth,richest,LightGBM,0.5483870967741935,0.36363636363636365,0.2962962962962963,0.7428571428571429,0.5968253968253968
Kyrgyz_Republic_DHS_2012,wealth,richest,XGBoost,0.5967741935483871,0.4186046511627907,0.3333333333333333,0.8,0.6391534391534393
Kyrgyz_Republic_DHS_2012,wealth,richest,TabPFN,0.6129032258064516,0.42857142857142855,0.3333333333333333,0.8285714285714286,0.6835978835978836
Kyrgyz_Republic_DHS_2012,wealth,poorer,LogReg,0.49473684210526314,0.42857142857142855,0.391304347826087,0.5918367346938775,0.5221827861579416
Kyrgyz_Republic_DHS_2012,wealth,poorer,LightGBM,0.5052631578947369,0.45977011494252873,0.43478260869565216,0.5714285714285714,0.520851818988465
Kyrgyz_Republic_DHS_2012,wealth,poorer,XGBoost,0.4842105263157895,0.46153846153846156,0.45652173913043476,0.5102040816326531,0.5035492457852706
Kyrgyz_Republic_DHS_2012,wealth,poorer,TabPFN,0.4631578947368421,0.41379310344827586,0.391304347826087,0.5306122448979592,0.4855811889973381
Kyrgyz_Republic_DHS_2012,wealth,richer,LogReg,0.5882352941176471,0.5882352941176471,0.625,0.5555555555555556,0.6216666666666666
Kyrgyz_Republic_DHS_2012,wealth,richer,LightGBM,0.6,0.6136363636363636,0.675,0.5333333333333333,0.6094444444444445
Kyrgyz_Republic_DHS_2012,wealth,richer,XGBoost,0.5647058823529412,0.5842696629213483,0.65,0.4888888888888889,0.6244444444444445
Kyrgyz_Republic_DHS_2012,wealth,richer,TabPFN,0.5882352941176471,0.5977011494252874,0.65,0.5333333333333333,0.5988888888888888
Kyrgyz_Republic_DHS_2012,education,higher,LogReg,0.5854922279792746,0.5789473684210527,0.5789473684210527,0.5918367346938775,0.6116004296455423
Kyrgyz_Republic_DHS_2012,education,higher,LightGBM,0.5647668393782384,0.5670103092783505,0.5789473684210527,0.5510204081632653,0.5628356605800214
Kyrgyz_Republic_DHS_2012,education,higher,XGBoost,0.5699481865284974,0.5654450261780105,0.5684210526315789,0.5714285714285714,0.5967776584317938
Kyrgyz_Republic_DHS_2012,education,higher,TabPFN,0.5906735751295337,0.6146341463414634,0.6631578947368421,0.5204081632653061,0.6077873254564985
Kyrgyz_Republic_DHS_2012,education,secondary,LogReg,0.6033057851239669,0.5714285714285714,0.5818181818181818,0.6212121212121212,0.6517217630853994
Kyrgyz_Republic_DHS_2012,education,secondary,LightGBM,0.5578512396694215,0.5023255813953489,0.4909090909090909,0.6136363636363636,0.5789256198347108
Kyrgyz_Republic_DHS_2012,education,secondary,XGBoost,0.5619834710743802,0.4752475247524752,0.43636363636363634,0.6666666666666666,0.6132920110192838
Kyrgyz_Republic_DHS_2012,education,secondary,TabPFN,0.6322314049586777,0.5572139303482587,0.509090909090909,0.7348484848484849,0.6507575757575758
Kyrgyz_Republic_DHS_2012,residence,urban,LogReg,0.6260869565217392,0.5656565656565656,0.5384615384615384,0.6984126984126984,0.6071428571428571
Kyrgyz_Republic_DHS_2012,residence,urban,LightGBM,0.6086956521739131,0.5263157894736842,0.4807692307692308,0.7142857142857143,0.6767399267399268
Kyrgyz_Republic_DHS_2012,residence,urban,XGBoost,0.5826086956521739,0.5102040816326531,0.4807692307692308,0.6666666666666666,0.6138583638583639
Kyrgyz_Republic_DHS_2012,residence,urban,TabPFN,0.6260869565217392,0.5825242718446602,0.5769230769230769,0.6666666666666666,0.6343101343101343
Kyrgyz_Republic_DHS_2012,residence,rural,LogReg,0.5993788819875776,0.5473684210526316,0.5064935064935064,0.6845238095238095,0.6438620902906618
Kyrgyz_Republic_DHS_2012,residence,rural,LightGBM,0.6149068322981367,0.5894039735099338,0.577922077922078,0.6488095238095238,0.647495361781076
Kyrgyz_Republic_DHS_2012,residence,rural,XGBoost,0.6335403726708074,0.593103448275862,0.5584415584415584,0.7023809523809523,0.66713048855906
Kyrgyz_Republic_DHS_2012,residence,rural,TabPFN,0.6428571428571429,0.6075085324232082,0.577922077922078,0.7023809523809523,0.6860698824984539
Kyrgyz_Republic_DHS_2012,age_group,12–23m,LogReg,0.5942028985507246,0.6705882352941176,0.7215189873417721,0.423728813559322,0.5949367088607596
Kyrgyz_Republic_DHS_2012,age_group,12–23m,LightGBM,0.5797101449275363,0.6547619047619048,0.6962025316455697,0.423728813559322,0.5960094400343274
Kyrgyz_Republic_DHS_2012,age_group,12–23m,XGBoost,0.6304347826086957,0.7150837988826816,0.810126582278481,0.3898305084745763,0.626904097833083
Kyrgyz_Republic_DHS_2012,age_group,12–23m,TabPFN,0.6086956521739131,0.7216494845360825,0.8860759493670886,0.23728813559322035,0.6522205535292854
Kyrgyz_Republic_DHS_2012,age_group,36–47m,LogReg,0.6538461538461539,0.18181818181818182,0.1111111111111111,0.9411764705882353,0.4691358024691357
Kyrgyz_Republic_DHS_2012,age_group,36–47m,LightGBM,0.6153846153846154,0.3181818181818182,0.25925925925925924,0.803921568627451,0.5846042120551924
Kyrgyz_Republic_DHS_2012,age_group,36–47m,XGBoost,0.6794871794871795,0.32432432432432434,0.2222222222222222,0.9215686274509803,0.5533769063180828
Kyrgyz_Republic_DHS_2012,age_group,36–47m,TabPFN,0.6538461538461539,0.0,0.0,1.0,0.5704429920116194
Kyrgyz_Republic_DHS_2012,age_group,48–59m,LogReg,0.7037037037037037,0.2,0.15384615384615385,0.8780487804878049,0.38649155722326456
Kyrgyz_Republic_DHS_2012,age_group,48–59m,LightGBM,0.7037037037037037,0.1111111111111111,0.07692307692307693,0.9024390243902439,0.44090056285178236
Kyrgyz_Republic_DHS_2012,age_group,48–59m,XGBoost,0.7592592592592593,0.0,0.0,1.0,0.4033771106941839
Kyrgyz_Republic_DHS_2012,age_group,48–59m,TabPFN,0.7592592592592593,0.0,0.0,1.0,0.6003752345215759
Kyrgyz_Republic_DHS_2012,age_group,24–35m,LogReg,0.5473684210526316,0.3582089552238806,0.2857142857142857,0.7547169811320755,0.47753818508535495
Kyrgyz_Republic_DHS_2012,age_group,24–35m,LightGBM,0.5263157894736842,0.4,0.35714285714285715,0.660377358490566,0.5166217430368374
Kyrgyz_Republic_DHS_2012,age_group,24–35m,XGBoost,0.5052631578947369,0.37333333333333335,0.3333333333333333,0.6415094339622641,0.4811320754716981
Kyrgyz_Republic_DHS_2012,age_group,24–35m,TabPFN,0.5578947368421052,0.2222222222222222,0.14285714285714285,0.8867924528301887,0.4530548068283917
Kyrgyz_Republic_DHS_2012,age_group,6–11m,LogReg,0.6031746031746031,0.7058823529411765,0.75,0.34782608695652173,0.6347826086956522
Kyrgyz_Republic_DHS_2012,age_group,6–11m,LightGBM,0.6984126984126984,0.7764705882352941,0.825,0.4782608695652174,0.7032608695652175
Kyrgyz_Republic_DHS_2012,age_group,6–11m,XGBoost,0.6825396825396826,0.7619047619047619,0.8,0.4782608695652174,0.6858695652173913
Kyrgyz_Republic_DHS_2012,age_group,6–11m,TabPFN,0.6666666666666666,0.7835051546391752,0.95,0.17391304347826086,0.6711956521739131
Kyrgyz_Republic_DHS_2012,age_group,0–5m,LogReg,0.45454545454545453,0.4,0.3333333333333333,0.6,0.5666666666666667
Kyrgyz_Republic_DHS_2012,age_group,0–5m,LightGBM,0.6363636363636364,0.6,0.5,0.8,0.5333333333333333
Kyrgyz_Republic_DHS_2012,age_group,0–5m,XGBoost,0.5454545454545454,0.5454545454545454,0.5,0.6,0.6
Kyrgyz_Republic_DHS_2012,age_group,0–5m,TabPFN,0.45454545454545453,0.5,0.5,0.4,0.5
Liberia_DHS_2019_2020,sex,female,LogReg,0.7333333333333333,0.8434782608695652,0.9897959183673469,0.05405405405405406,0.564258135686707
Liberia_DHS_2019_2020,sex,female,LightGBM,0.6814814814814815,0.8036529680365296,0.8979591836734694,0.10810810810810811,0.5474351902923331
Liberia_DHS_2019_2020,sex,female,XGBoost,0.7407407407407407,0.8458149779735683,0.9795918367346939,0.10810810810810811,0.6009376723662438
Liberia_DHS_2019_2020,sex,female,TabPFN,0.725925925925926,0.8412017167381974,1.0,0.0,0.5747380033094319
Liberia_DHS_2019_2020,sex,male,LogReg,0.7441860465116279,0.8493150684931506,0.9789473684210527,0.08823529411764706,0.678328173374613
Liberia_DHS_2019_2020,sex,male,LightGBM,0.689922480620155,0.8113207547169812,0.9052631578947369,0.08823529411764706,0.5260061919504644
Liberia_DHS_2019_2020,sex,male,XGBoost,0.7286821705426356,0.8416289592760181,0.9789473684210527,0.029411764705882353,0.5585139318885449
Liberia_DHS_2019_2020,sex,male,TabPFN,0.7364341085271318,0.8468468468468469,0.9894736842105263,0.029411764705882353,0.6608359133126935
Liberia_DHS_2019_2020,wealth,middle,LogReg,0.7592592592592593,0.8631578947368421,1.0,0.0,0.5309568480300187
Liberia_DHS_2019_2020,wealth,middle,LightGBM,0.8148148148148148,0.8913043478260869,1.0,0.23076923076923078,0.5534709193245779
Liberia_DHS_2019_2020,wealth,middle,XGBoost,0.7777777777777778,0.8723404255319149,1.0,0.07692307692307693,0.5309568480300187
Liberia_DHS_2019_2020,wealth,middle,TabPFN,0.7592592592592593,0.8631578947368421,1.0,0.0,0.5196998123827392
Liberia_DHS_2019_2020,wealth,poorest,LogReg,0.7831325301204819,0.8676470588235294,0.9672131147540983,0.2727272727272727,0.613263785394933
Liberia_DHS_2019_2020,wealth,poorest,LightGBM,0.7228915662650602,0.8244274809160306,0.8852459016393442,0.2727272727272727,0.5536512667660208
Liberia_DHS_2019_2020,wealth,poorest,XGBoost,0.7590361445783133,0.8571428571428571,0.9836065573770492,0.13636363636363635,0.6050670640834575
Liberia_DHS_2019_2020,wealth,poorest,TabPFN,0.7349397590361446,0.8472222222222222,1.0,0.0,0.6631892697466468
Liberia_DHS_2019_2020,wealth,poorer,LogReg,0.7307692307692307,0.8372093023255814,0.9818181818181818,0.13043478260869565,0.6853754940711462
Liberia_DHS_2019_2020,wealth,poorer,LightGBM,0.7051282051282052,0.8188976377952756,0.9454545454545454,0.13043478260869565,0.6624505928853754
Liberia_DHS_2019_2020,wealth,poorer,XGBoost,0.6794871794871795,0.8091603053435115,0.9636363636363636,0.0,0.6766798418972332
Liberia_DHS_2019_2020,wealth,poorer,TabPFN,0.7051282051282052,0.8270676691729323,1.0,0.0,0.6355731225296444
Liberia_DHS_2019_2020,wealth,richer,LogReg,0.7096774193548387,0.8235294117647058,0.875,0.14285714285714285,0.6428571428571429
Liberia_DHS_2019_2020,wealth,richer,LightGBM,0.8064516129032258,0.8888888888888888,1.0,0.14285714285714285,0.5952380952380953
Liberia_DHS_2019_2020,wealth,richer,XGBoost,0.7741935483870968,0.8727272727272727,1.0,0.0,0.6190476190476191
Liberia_DHS_2019_2020,wealth,richer,TabPFN,0.7741935483870968,0.8727272727272727,1.0,0.0,0.6964285714285714
Liberia_DHS_2019_2020,wealth,richest,LogReg,0.7894736842105263,0.8333333333333334,0.7692307692307693,0.8333333333333334,0.858974358974359
Liberia_DHS_2019_2020,wealth,richest,LightGBM,0.8421052631578947,0.8888888888888888,0.9230769230769231,0.6666666666666666,0.8076923076923077
Liberia_DHS_2019_2020,wealth,richest,XGBoost,0.7894736842105263,0.8666666666666667,1.0,0.3333333333333333,0.8461538461538461
Liberia_DHS_2019_2020,wealth,richest,TabPFN,0.6842105263157895,0.8125,1.0,0.0,0.8717948717948718
Liberia_DHS_2019_2020,education,secondary,LogReg,0.7333333333333333,0.8461538461538461,0.9821428571428571,0.0,0.6184210526315789
Liberia_DHS_2019_2020,education,secondary,LightGBM,0.7333333333333333,0.8387096774193549,0.9285714285714286,0.15789473684210525,0.6729323308270677
Liberia_DHS_2019_2020,education,secondary,XGBoost,0.76,0.8615384615384616,1.0,0.05263157894736842,0.6513157894736842
Liberia_DHS_2019_2020,education,secondary,TabPFN,0.7466666666666667,0.8549618320610687,1.0,0.0,0.6353383458646618
Liberia_DHS_2019_2020,education,primary,LogReg,0.7777777777777778,0.8732394366197183,1.0,0.05263157894736842,0.5568760611205433
Liberia_DHS_2019_2020,education,primary,LightGBM,0.7407407407407407,0.8467153284671532,0.9354838709677419,0.10526315789473684,0.6129032258064517
Liberia_DHS_2019_2020,education,primary,XGBoost,0.7530864197530864,0.8591549295774648,0.9838709677419355,0.0,0.5899830220713074
Liberia_DHS_2019_2020,education,primary,TabPFN,0.7654320987654321,0.8671328671328671,1.0,0.0,0.5611205432937181
Liberia_DHS_2019_2020,education,no education,LogReg,0.7238095238095238,0.8220858895705522,0.9178082191780822,0.28125,0.663527397260274
Liberia_DHS_2019_2020,education,no education,LightGBM,0.6761904761904762,0.782051282051282,0.8356164383561644,0.3125,0.5830479452054794
Liberia_DHS_2019_2020,education,no education,XGBoost,0.7142857142857143,0.8214285714285714,0.9452054794520548,0.1875,0.5856164383561644
Liberia_DHS_2019_2020,education,no education,TabPFN,0.6952380952380952,0.8202247191011236,1.0,0.0,0.6303510273972602
Liberia_DHS_2019_2020,residence,rural,LogReg,0.7159090909090909,0.8299319727891157,0.9457364341085271,0.0851063829787234,0.5881576777173017
Liberia_DHS_2019_2020,residence,rural,LightGBM,0.6931818181818182,0.8125,0.9069767441860465,0.10638297872340426,0.56226290615207
Liberia_DHS_2019_2020,residence,rural,XGBoost,0.7215909090909091,0.8361204013377926,0.9689922480620154,0.0425531914893617,0.6066303809995052
Liberia_DHS_2019_2020,residence,rural,TabPFN,0.7386363636363636,0.8486842105263158,1.0,0.02127659574468085,0.5984661058881742
Liberia_DHS_2019_2020,residence,urban,LogReg,0.6704545454545454,0.7943262411347518,0.8888888888888888,0.12,0.5904761904761905
Liberia_DHS_2019_2020,residence,urban,LightGBM,0.6931818181818182,0.7969924812030075,0.8412698412698413,0.32,0.6628571428571429
Liberia_DHS_2019_2020,residence,urban,XGBoost,0.7159090909090909,0.8322147651006712,0.9841269841269841,0.04,0.6342857142857141
Liberia_DHS_2019_2020,residence,urban,TabPFN,0.7159090909090909,0.8344370860927153,1.0,0.0,0.5857142857142856
Liberia_DHS_2019_2020,age_group,24–35m,LogReg,0.7333333333333333,0.8431372549019608,0.9555555555555556,0.06666666666666667,0.3585185185185185
Liberia_DHS_2019_2020,age_group,24–35m,LightGBM,0.6833333333333333,0.8118811881188119,0.9111111111111111,0.0,0.34074074074074073
Liberia_DHS_2019_2020,age_group,24–35m,XGBoost,0.7333333333333333,0.8461538461538461,0.9777777777777777,0.0,0.47111111111111115
Liberia_DHS_2019_2020,age_group,24–35m,TabPFN,0.75,0.8571428571428571,1.0,0.0,0.42000000000000004
Liberia_DHS_2019_2020,age_group,12–23m,LogReg,0.7816091954022989,0.8774193548387097,1.0,0.0,0.6578947368421052
Liberia_DHS_2019_2020,age_group,12–23m,LightGBM,0.7586206896551724,0.8609271523178808,0.9558823529411765,0.05263157894736842,0.6726006191950464
Liberia_DHS_2019_2020,age_group,12–23m,XGBoost,0.7701149425287356,0.8701298701298701,0.9852941176470589,0.0,0.6687306501547987
Liberia_DHS_2019_2020,age_group,12–23m,TabPFN,0.7816091954022989,0.8774193548387097,1.0,0.0,0.6540247678018576
Liberia_DHS_2019_2020,age_group,6–11m,LogReg,0.7352941176470589,0.847457627118644,0.9615384615384616,0.0,0.451923076923077
Liberia_DHS_2019_2020,age_group,6–11m,LightGBM,0.7058823529411765,0.8275862068965517,0.9230769230769231,0.0,0.4182692307692307
Liberia_DHS_2019_2020,age_group,6–11m,XGBoost,0.7647058823529411,0.8666666666666667,1.0,0.0,0.5096153846153846
Liberia_DHS_2019_2020,age_group,6–11m,TabPFN,0.7647058823529411,0.8666666666666667,1.0,0.0,0.3701923076923077
Liberia_DHS_2019_2020,age_group,48–59m,LogReg,0.6451612903225806,0.7027027027027027,0.7222222222222222,0.5384615384615384,0.7692307692307692
Liberia_DHS_2019_2020,age_group,48–59m,LightGBM,0.6451612903225806,0.717948717948718,0.7777777777777778,0.46153846153846156,0.735042735042735
Liberia_DHS_2019_2020,age_group,48–59m,XGBoost,0.6451612903225806,0.7555555555555555,0.9444444444444444,0.23076923076923078,0.7393162393162394
Liberia_DHS_2019_2020,age_group,48–59m,TabPFN,0.6451612903225806,0.7441860465116279,0.8888888888888888,0.3076923076923077,0.7948717948717948
Liberia_DHS_2019_2020,age_group,36–47m,LogReg,0.5,0.6333333333333333,0.6551724137931034,0.2,0.4413793103448276
Liberia_DHS_2019_2020,age_group,36–47m,LightGBM,0.5,0.6333333333333333,0.6551724137931034,0.2,0.36551724137931035
Liberia_DHS_2019_2020,age_group,36–47m,XGBoost,0.5454545454545454,0.6875,0.7586206896551724,0.13333333333333333,0.4275862068965517
Liberia_DHS_2019_2020,age_group,36–47m,TabPFN,0.6590909090909091,0.7945205479452054,1.0,0.0,0.37471264367816093
Congo_DRC_DHS_2021_2022,sex,female,LogReg,0.6977611940298507,0.8057553956834532,0.9333333333333333,0.2159090909090909,0.586868686868687
Congo_DRC_DHS_2021_2022,sex,female,LightGBM,0.6343283582089553,0.7461139896373057,0.8,0.29545454545454547,0.5744318181818181
Congo_DRC_DHS_2021_2022,sex,female,XGBoost,0.664179104477612,0.7877358490566038,0.9277777777777778,0.125,0.552020202020202
Congo_DRC_DHS_2021_2022,sex,female,TabPFN,0.6977611940298507,0.8146453089244852,0.9888888888888889,0.10227272727272728,0.5767992424242425
Congo_DRC_DHS_2021_2022,sex,male,LogReg,0.6711864406779661,0.7966457023060797,0.9223300970873787,0.0898876404494382,0.6109959637831351
Congo_DRC_DHS_2021_2022,sex,male,LightGBM,0.7254237288135593,0.824295010845987,0.9223300970873787,0.2696629213483146,0.6462855896149231
Congo_DRC_DHS_2021_2022,sex,male,XGBoost,0.735593220338983,0.8381742738589212,0.9805825242718447,0.16853932584269662,0.6605214355841605
Congo_DRC_DHS_2021_2022,sex,male,TabPFN,0.7016949152542373,0.824,1.0,0.011235955056179775,0.6340678520781062
Congo_DRC_DHS_2021_2022,wealth,poorer,LogReg,0.6944444444444444,0.819672131147541,0.9803921568627451,0.0,0.5609243697478992
Congo_DRC_DHS_2021_2022,wealth,poorer,LightGBM,0.6875,0.7982062780269058,0.8725490196078431,0.23809523809523808,0.5625583566760038
Congo_DRC_DHS_2021_2022,wealth,poorer,XGBoost,0.7152777777777778,0.8298755186721992,0.9803921568627451,0.07142857142857142,0.5487861811391224
Congo_DRC_DHS_2021_2022,wealth,poorer,TabPFN,0.7083333333333334,0.8292682926829268,1.0,0.0,0.5797152194211017
Congo_DRC_DHS_2021_2022,wealth,poorest,LogReg,0.7094594594594594,0.8273092369477911,0.9537037037037037,0.05,0.5613425925925926
Congo_DRC_DHS_2021_2022,wealth,poorest,LightGBM,0.7364864864864865,0.8354430379746836,0.9166666666666666,0.25,0.633101851851852
Congo_DRC_DHS_2021_2022,wealth,poorest,XGBoost,0.7162162162162162,0.8346456692913385,0.9814814814814815,0.0,0.6310185185185185
Congo_DRC_DHS_2021_2022,wealth,poorest,TabPFN,0.7297297297297297,0.84375,1.0,0.0,0.61875
Congo_DRC_DHS_2021_2022,wealth,richer,LogReg,0.6551724137931034,0.765625,0.8596491228070176,0.26666666666666666,0.6216374269005848
Congo_DRC_DHS_2021_2022,wealth,richer,LightGBM,0.6206896551724138,0.736,0.8070175438596491,0.26666666666666666,0.6350877192982456
Congo_DRC_DHS_2021_2022,wealth,richer,XGBoost,0.6781609195402298,0.7846153846153846,0.8947368421052632,0.26666666666666666,0.6309941520467837
Congo_DRC_DHS_2021_2022,wealth,richer,TabPFN,0.6896551724137931,0.8085106382978723,1.0,0.1,0.6388888888888888
Congo_DRC_DHS_2021_2022,wealth,richest,LogReg,0.5454545454545454,0.6376811594202898,0.6470588235294118,0.38095238095238093,0.4985994397759105
Congo_DRC_DHS_2021_2022,wealth,richest,LightGBM,0.7272727272727273,0.7945205479452054,0.8529411764705882,0.5238095238095238,0.6484593837535014
Congo_DRC_DHS_2021_2022,wealth,richest,XGBoost,0.7090909090909091,0.8048780487804879,0.9705882352941176,0.2857142857142857,0.6680672268907564
Congo_DRC_DHS_2021_2022,wealth,richest,TabPFN,0.6181818181818182,0.7640449438202247,1.0,0.0,0.5595238095238095
Congo_DRC_DHS_2021_2022,wealth,middle,LogReg,0.6307692307692307,0.75,0.8372093023255814,0.22727272727272727,0.5869450317124736
Congo_DRC_DHS_2021_2022,wealth,middle,LightGBM,0.6615384615384615,0.7684210526315789,0.8488372093023255,0.29545454545454547,0.6456131078224102
Congo_DRC_DHS_2021_2022,wealth,middle,XGBoost,0.6615384615384615,0.78,0.9069767441860465,0.18181818181818182,0.6305496828752643
Congo_DRC_DHS_2021_2022,wealth,middle,TabPFN,0.6846153846153846,0.8,0.9534883720930233,0.1590909090909091,0.5494186046511628
Congo_DRC_DHS_2021_2022,education,primary,LogReg,0.6763005780346821,0.8041958041958042,0.9583333333333334,0.03773584905660377,0.5927672955974843
Congo_DRC_DHS_2021_2022,education,primary,LightGBM,0.6647398843930635,0.7835820895522388,0.875,0.18867924528301888,0.5566037735849056
Congo_DRC_DHS_2021_2022,education,primary,XGBoost,0.6936416184971098,0.8127208480565371,0.9583333333333334,0.09433962264150944,0.5385220125786163
Congo_DRC_DHS_2021_2022,education,primary,TabPFN,0.6936416184971098,0.8191126279863481,1.0,0.0,0.5845911949685534
Congo_DRC_DHS_2021_2022,education,no education,LogReg,0.7127659574468085,0.8235294117647058,0.9545454545454546,0.14285714285714285,0.5530303030303031
Congo_DRC_DHS_2021_2022,education,no education,LightGBM,0.6914893617021277,0.8027210884353742,0.8939393939393939,0.21428571428571427,0.5946969696969697
Congo_DRC_DHS_2021_2022,education,no education,XGBoost,0.6914893617021277,0.8129032258064516,0.9545454545454546,0.07142857142857142,0.5990259740259741
Congo_DRC_DHS_2021_2022,education,no education,TabPFN,0.7021276595744681,0.825,1.0,0.0,0.4732142857142857
Congo_DRC_DHS_2021_2022,education,secondary,LogReg,0.6702508960573477,0.7899543378995434,0.9153439153439153,0.15555555555555556,0.5930629041740153
Congo_DRC_DHS_2021_2022,education,secondary,LightGBM,0.6702508960573477,0.784037558685446,0.8835978835978836,0.2222222222222222,0.5225749559082892
Congo_DRC_DHS_2021_2022,education,secondary,XGBoost,0.6487455197132617,0.7782805429864253,0.91005291005291,0.1,0.544620811287478
Congo_DRC_DHS_2021_2022,education,secondary,TabPFN,0.6810035842293907,0.8061002178649237,0.9788359788359788,0.05555555555555555,0.5625220458553791
Congo_DRC_DHS_2021_2022,education,higher,LogReg,0.6470588235294118,0.7,0.7,0.5714285714285714,0.7142857142857142
Congo_DRC_DHS_2021_2022,education,higher,LightGBM,0.6470588235294118,0.7272727272727273,0.8,0.42857142857142855,0.6428571428571429
Congo_DRC_DHS_2021_2022,education,higher,XGBoost,0.7058823529411765,0.782608695652174,0.9,0.42857142857142855,0.7857142857142857
Congo_DRC_DHS_2021_2022,education,higher,TabPFN,0.5882352941176471,0.7407407407407407,1.0,0.0,0.4857142857142857
Congo_DRC_DHS_2021_2022,residence,rural,LogReg,0.7079207920792079,0.822289156626506,0.9715302491103203,0.10569105691056911,0.6703121835488817
Congo_DRC_DHS_2021_2022,residence,rural,LightGBM,0.6881188118811881,0.7987220447284346,0.8896797153024911,0.22764227642276422,0.6366924167462316
Congo_DRC_DHS_2021_2022,residence,rural,XGBoost,0.7004950495049505,0.8191330343796711,0.9750889679715302,0.07317073170731707,0.6532129734108729
Congo_DRC_DHS_2021_2022,residence,rural,TabPFN,0.7004950495049505,0.8223201174743024,0.99644128113879,0.024390243902439025,0.6584931863553511
Congo_DRC_DHS_2021_2022,residence,urban,LogReg,0.5534591194968553,0.6899563318777293,0.7523809523809524,0.16666666666666666,0.4954144620811287
Congo_DRC_DHS_2021_2022,residence,urban,LightGBM,0.5408805031446541,0.683982683982684,0.7523809523809524,0.12962962962962962,0.46931216931216935
Congo_DRC_DHS_2021_2022,residence,urban,XGBoost,0.5849056603773585,0.7272727272727273,0.8380952380952381,0.09259259259259259,0.49223985890652555
Congo_DRC_DHS_2021_2022,residence,urban,TabPFN,0.6352201257861635,0.7751937984496124,0.9523809523809523,0.018518518518518517,0.48774250440917105
Congo_DRC_DHS_2021_2022,age_group,12–23m,LogReg,0.6793893129770993,0.8055555555555556,0.9613259668508287,0.04938271604938271,0.5134029056680991
Congo_DRC_DHS_2021_2022,age_group,12–23m,LightGBM,0.6374045801526718,0.7665847665847666,0.861878453038674,0.13580246913580246,0.48816588227269625
Congo_DRC_DHS_2021_2022,age_group,12–23m,XGBoost,0.6793893129770993,0.8046511627906977,0.9558011049723757,0.06172839506172839,0.46974967601118617
Congo_DRC_DHS_2021_2022,age_group,12–23m,TabPFN,0.6908396946564885,0.8171557562076749,1.0,0.0,0.49536184434895303
Congo_DRC_DHS_2021_2022,age_group,6–11m,LogReg,0.7623762376237624,0.8604651162790697,0.9367088607594937,0.13636363636363635,0.5431530494821635
Congo_DRC_DHS_2021_2022,age_group,6–11m,LightGBM,0.7722772277227723,0.8654970760233918,0.9367088607594937,0.18181818181818182,0.5627157652474108
Congo_DRC_DHS_2021_2022,age_group,6–11m,XGBoost,0.801980198019802,0.8876404494382022,1.0,0.09090909090909091,0.6173762945914845
Congo_DRC_DHS_2021_2022,age_group,6–11m,TabPFN,0.7821782178217822,0.8777777777777778,1.0,0.0,0.5405638665132336
Congo_DRC_DHS_2021_2022,age_group,24–35m,LogReg,0.5882352941176471,0.6929824561403509,0.7669902912621359,0.31343283582089554,0.5405013766120853
Congo_DRC_DHS_2021_2022,age_group,24–35m,LightGBM,0.5705882352941176,0.663594470046083,0.6990291262135923,0.373134328358209,0.5551369366758441
Congo_DRC_DHS_2021_2022,age_group,24–35m,XGBoost,0.6294117647058823,0.7319148936170212,0.8349514563106796,0.31343283582089554,0.6167222141718591
Congo_DRC_DHS_2021_2022,age_group,24–35m,TabPFN,0.6058823529411764,0.7351778656126482,0.9029126213592233,0.14925373134328357,0.5958556730908564
Congo_DRC_DHS_2021_2022,age_group,0–5m,LogReg,0.7419354838709677,0.8461538461538461,0.9166666666666666,0.14285714285714285,0.6130952380952381
Congo_DRC_DHS_2021_2022,age_group,0–5m,LightGBM,0.7096774193548387,0.8301886792452831,0.9166666666666666,0.0,0.5416666666666666
Congo_DRC_DHS_2021_2022,age_group,0–5m,XGBoost,0.8064516129032258,0.8888888888888888,1.0,0.14285714285714285,0.5119047619047619
Congo_DRC_DHS_2021_2022,age_group,0–5m,TabPFN,0.7741935483870968,0.8727272727272727,1.0,0.0,0.6071428571428572
Guatemala_DHS_2014_2015,sex,female,LogReg,0.694006309148265,0.526829268292683,0.484304932735426,0.8077858880778589,0.7358078840845362
Guatemala_DHS_2014_2015,sex,female,LightGBM,0.7003154574132492,0.5077720207253886,0.43946188340807174,0.8418491484184915,0.7207074509290476
Guatemala_DHS_2014_2015,sex,female,XGBoost,0.6892744479495269,0.4602739726027397,0.37668161434977576,0.8588807785888077,0.7353496339454244
Guatemala_DHS_2014_2015,sex,female,TabPFN,0.7050473186119873,0.5167958656330749,0.4484304932735426,0.8442822384428224,0.7662215093886725
Guatemala_DHS_2014_2015,sex,male,LogReg,0.7007194244604317,0.5574468085106383,0.5282258064516129,0.796420581655481,0.7180937432344663
Guatemala_DHS_2014_2015,sex,male,LightGBM,0.7050359712230215,0.5221445221445221,0.45161290322580644,0.8456375838926175,0.7440914339323086
Guatemala_DHS_2014_2015,sex,male,XGBoost,0.7079136690647482,0.5012285012285013,0.4112903225806452,0.87248322147651,0.7539781337951937
Guatemala_DHS_2014_2015,sex,male,TabPFN,0.7179856115107913,0.5196078431372549,0.4274193548387097,0.8791946308724832,0.7538112506314498
Guatemala_DHS_2014_2015,wealth,richest,LogReg,0.746268656716418,0.13559322033898305,0.08163265306122448,0.9605263157894737,0.6685016111707841
Guatemala_DHS_2014_2015,wealth,richest,LightGBM,0.7412935323383084,0.16129032258064516,0.10204081632653061,0.9473684210526315,0.6531954887218046
Guatemala_DHS_2014_2015,wealth,richest,XGBoost,0.7512437810945274,0.13793103448275862,0.08163265306122448,0.9671052631578947,0.6694414607948442
Guatemala_DHS_2014_2015,wealth,richest,TabPFN,0.7711442786069652,0.28125,0.1836734693877551,0.9605263157894737,0.6697099892588615
Guatemala_DHS_2014_2015,wealth,richer,LogReg,0.6891385767790262,0.35658914728682173,0.2839506172839506,0.8655913978494624,0.6953405017921146
Guatemala_DHS_2014_2015,wealth,richer,LightGBM,0.7191011235955056,0.4186046511627907,0.3333333333333333,0.8870967741935484,0.6756936147617151
Guatemala_DHS_2014_2015,wealth,richer,XGBoost,0.7078651685393258,0.3275862068965517,0.2345679012345679,0.9139784946236559,0.668724279835391
Guatemala_DHS_2014_2015,wealth,richer,TabPFN,0.6928838951310862,0.3387096774193548,0.25925925925925924,0.8817204301075269,0.7174432497013142
Guatemala_DHS_2014_2015,wealth,middle,LogReg,0.675,0.4972375690607735,0.4368932038834951,0.8135593220338984,0.6863035489002248
Guatemala_DHS_2014_2015,wealth,middle,LightGBM,0.6357142857142857,0.4,0.3300970873786408,0.8135593220338984,0.6758268882672371
Guatemala_DHS_2014_2015,wealth,middle,XGBoost,0.6607142857142857,0.4025157232704403,0.3106796116504854,0.864406779661017,0.695134660742691
Guatemala_DHS_2014_2015,wealth,middle,TabPFN,0.6678571428571428,0.4624277456647399,0.3883495145631068,0.8305084745762712,0.6996050682902748
Guatemala_DHS_2014_2015,wealth,poorer,LogReg,0.6289752650176679,0.5070422535211268,0.5046728971962616,0.7045454545454546,0.6758177570093458
Guatemala_DHS_2014_2015,wealth,poorer,LightGBM,0.6395759717314488,0.47959183673469385,0.4392523364485981,0.7613636363636364,0.6610556499575191
Guatemala_DHS_2014_2015,wealth,poorer,XGBoost,0.6537102473498233,0.449438202247191,0.37383177570093457,0.8238636363636364,0.6756053525913338
Guatemala_DHS_2014_2015,wealth,poorer,TabPFN,0.6819787985865724,0.53125,0.4766355140186916,0.8068181818181818,0.7000849617672047
Guatemala_DHS_2014_2015,wealth,poorest,LogReg,0.6566666666666666,0.6023166023166023,0.5954198473282443,0.7041420118343196,0.7076652061972085
Guatemala_DHS_2014_2015,wealth,poorest,LightGBM,0.6566666666666666,0.5617021276595745,0.5038167938931297,0.7751479289940828,0.7116400921450834
Guatemala_DHS_2014_2015,wealth,poorest,XGBoost,0.67,0.5395348837209303,0.44274809160305345,0.8461538461538461,0.7152987939834681
Guatemala_DHS_2014_2015,wealth,poorest,TabPFN,0.6766666666666666,0.5688888888888889,0.48854961832061067,0.8224852071005917,0.7403225077916799
Guatemala_DHS_2014_2015,education,secondary,LogReg,0.713903743315508,0.4512820512820513,0.39285714285714285,0.851145038167939,0.7020856052344602
Guatemala_DHS_2014_2015,education,secondary,LightGBM,0.7032085561497327,0.40641711229946526,0.3392857142857143,0.8587786259541985,0.6961900218102508
Guatemala_DHS_2014_2015,education,secondary,XGBoost,0.679144385026738,0.27710843373493976,0.20535714285714285,0.8816793893129771,0.7020856052344602
Guatemala_DHS_2014_2015,education,secondary,TabPFN,0.732620320855615,0.4444444444444444,0.35714285714285715,0.8931297709923665,0.7283942202835333
Guatemala_DHS_2014_2015,education,higher,LogReg,0.7931034482758621,0.0,0.0,1.0,0.628623188405797
Guatemala_DHS_2014_2015,education,higher,LightGBM,0.7413793103448276,0.21052631578947367,0.16666666666666666,0.8913043478260869,0.6159420289855073
Guatemala_DHS_2014_2015,education,higher,XGBoost,0.8275862068965517,0.2857142857142857,0.16666666666666666,1.0,0.6847826086956522
Guatemala_DHS_2014_2015,education,higher,TabPFN,0.7931034482758621,0.0,0.0,1.0,0.6865942028985508
Guatemala_DHS_2014_2015,education,primary,LogReg,0.6886657101865137,0.5753424657534246,0.5526315789473685,0.7726218097447796,0.7073338799434781
Guatemala_DHS_2014_2015,education,primary,LightGBM,0.6743185078909613,0.5180467091295117,0.45864661654135336,0.8074245939675174,0.706766917293233
Guatemala_DHS_2014_2015,education,primary,XGBoost,0.6929698708751794,0.5244444444444445,0.44360902255639095,0.8468677494199536,0.7123842087818153
Guatemala_DHS_2014_2015,education,primary,TabPFN,0.7101865136298422,0.5683760683760684,0.5,0.839907192575406,0.7286822043507842
Guatemala_DHS_2014_2015,education,no education,LogReg,0.6616915422885572,0.6136363636363636,0.6666666666666666,0.6583333333333333,0.7130658436213991
Guatemala_DHS_2014_2015,education,no education,LightGBM,0.7064676616915423,0.6335403726708074,0.6296296296296297,0.7583333333333333,0.7347736625514403
Guatemala_DHS_2014_2015,education,no education,XGBoost,0.7263681592039801,0.6540880503144654,0.6419753086419753,0.7833333333333333,0.7611111111111111
Guatemala_DHS_2014_2015,education,no education,TabPFN,0.746268656716418,0.6832298136645962,0.6790123456790124,0.7916666666666666,0.7700102880658436
Guatemala_DHS_2014_2015,residence,urban,LogReg,0.7305389221556886,0.49056603773584906,0.436241610738255,0.8551136363636364,0.7399328859060402
Guatemala_DHS_2014_2015,residence,urban,LightGBM,0.718562874251497,0.4291497975708502,0.35570469798657717,0.8721590909090909,0.7240504881025015
Guatemala_DHS_2014_2015,residence,urban,XGBoost,0.7425149700598802,0.43171806167400884,0.3288590604026846,0.9176136363636364,0.743155125076266
Guatemala_DHS_2014_2015,residence,urban,TabPFN,0.7465069860279441,0.4940239043824701,0.4161073825503356,0.8863636363636364,0.7694478340451494
Guatemala_DHS_2014_2015,residence,rural,LogReg,0.6654589371980676,0.5770992366412214,0.5869565217391305,0.7154150197628458,0.7070741168094665
Guatemala_DHS_2014_2015,residence,rural,LightGBM,0.6859903381642513,0.5547945205479452,0.5031055900621118,0.8023715415019763,0.7107689097292123
Guatemala_DHS_2014_2015,residence,rural,XGBoost,0.6896135265700483,0.5352622061482821,0.45962732919254656,0.8359683794466403,0.7163601993469668
Guatemala_DHS_2014_2015,residence,rural,TabPFN,0.6980676328502415,0.571917808219178,0.5186335403726708,0.8122529644268774,0.7376113961652715
Guatemala_DHS_2014_2015,age_group,24–35m,LogReg,0.7103658536585366,0.07766990291262135,0.044444444444444446,0.9621848739495799,0.6215686274509804
Guatemala_DHS_2014_2015,age_group,24–35m,LightGBM,0.7134146341463414,0.24193548387096775,0.16666666666666666,0.9201680672268907,0.600233426704015
Guatemala_DHS_2014_2015,age_group,24–35m,XGBoost,0.7286585365853658,0.1523809523809524,0.08888888888888889,0.9705882352941176,0.6247432306255836
Guatemala_DHS_2014_2015,age_group,24–35m,TabPFN,0.725609756097561,0.0,0.0,1.0,0.6664565826330532
Guatemala_DHS_2014_2015,age_group,48–59m,LogReg,0.8449197860962567,0.0,0.0,1.0,0.5656918376254911
Guatemala_DHS_2014_2015,age_group,48–59m,LightGBM,0.8342245989304813,0.0,0.0,0.9873417721518988,0.5927542557835006
Guatemala_DHS_2014_2015,age_group,48–59m,XGBoost,0.8449197860962567,0.0,0.0,1.0,0.5744216499345264
Guatemala_DHS_2014_2015,age_group,48–59m,TabPFN,0.8449197860962567,0.0,0.0,1.0,0.567656045395024
Guatemala_DHS_2014_2015,age_group,36–47m,LogReg,0.7906976744186046,0.0,0.0,0.9902912621359223,0.5147498132935027
Guatemala_DHS_2014_2015,age_group,36–47m,LightGBM,0.7441860465116279,0.029411764705882353,0.019230769230769232,0.9271844660194175,0.558159073935773
Guatemala_DHS_2014_2015,age_group,36–47m,XGBoost,0.7829457364341085,0.0,0.0,0.9805825242718447,0.5504107542942495
Guatemala_DHS_2014_2015,age_group,36–47m,TabPFN,0.7984496124031008,0.0,0.0,1.0,0.5765496639283048
Guatemala_DHS_2014_2015,age_group,12–23m,LogReg,0.5862944162436549,0.5788113695090439,0.5957446808510638,0.5776699029126213,0.6192160710596983
Guatemala_DHS_2014_2015,age_group,12–23m,LightGBM,0.565989847715736,0.544,0.5425531914893617,0.587378640776699,0.588359843007643
Guatemala_DHS_2014_2015,age_group,12–23m,XGBoost,0.5761421319796954,0.5269121813031161,0.4946808510638298,0.6504854368932039,0.5977070853129519
Guatemala_DHS_2014_2015,age_group,12–23m,TabPFN,0.5888324873096447,0.5691489361702128,0.5691489361702128,0.6067961165048543,0.6152008882462301
Guatemala_DHS_2014_2015,age_group,6–11m,LogReg,0.6830985915492958,0.7926267281105991,0.8775510204081632,0.25,0.6391465677179963
Guatemala_DHS_2014_2015,age_group,6–11m,LightGBM,0.6690140845070423,0.783410138248848,0.8673469387755102,0.22727272727272727,0.6887755102040817
Guatemala_DHS_2014_2015,age_group,6–11m,XGBoost,0.6619718309859155,0.7966101694915254,0.9591836734693877,0.0,0.6294063079777364
Guatemala_DHS_2014_2015,age_group,6–11m,TabPFN,0.6901408450704225,0.8166666666666667,1.0,0.0,0.6687152133580705
Guatemala_DHS_2014_2015,age_group,0–5m,LogReg,0.6363636363636364,0.7647058823529411,0.8666666666666667,0.14285714285714285,0.4857142857142857
Guatemala_DHS_2014_2015,age_group,0–5m,LightGBM,0.6818181818181818,0.7878787878787878,0.8666666666666667,0.2857142857142857,0.4
Guatemala_DHS_2014_2015,age_group,0–5m,XGBoost,0.7272727272727273,0.8235294117647058,0.9333333333333333,0.2857142857142857,0.47619047619047616
Guatemala_DHS_2014_2015,age_group,0–5m,TabPFN,0.6818181818181818,0.8108108108108109,1.0,0.0,0.43809523809523815
Ghana_DHS_2022,sex,female,LogReg,0.6611111111111111,0.7359307359307359,0.8018867924528302,0.4594594594594595,0.7137939826619072
Ghana_DHS_2022,sex,female,LightGBM,0.5888888888888889,0.6696428571428571,0.7075471698113207,0.4189189189189189,0.6475012748597655
Ghana_DHS_2022,sex,female,XGBoost,0.6333333333333333,0.7155172413793104,0.7830188679245284,0.4189189189189189,0.6778429372768995
Ghana_DHS_2022,sex,female,TabPFN,0.6888888888888889,0.7565217391304347,0.8207547169811321,0.5,0.7027027027027027
Ghana_DHS_2022,sex,male,LogReg,0.6502732240437158,0.744,0.7815126050420168,0.40625,0.6330094537815125
Ghana_DHS_2022,sex,male,LightGBM,0.6830601092896175,0.7716535433070866,0.8235294117647058,0.421875,0.6687237394957983
Ghana_DHS_2022,sex,male,XGBoost,0.6775956284153005,0.7806691449814126,0.8823529411764706,0.296875,0.6601890756302521
Ghana_DHS_2022,sex,male,TabPFN,0.6775956284153005,0.7773584905660378,0.865546218487395,0.328125,0.6690519957983194
Ghana_DHS_2022,wealth,middle,LogReg,0.6470588235294118,0.7333333333333333,0.8048780487804879,0.4074074074074074,0.6413730803974707
Ghana_DHS_2022,wealth,middle,LightGBM,0.5735294117647058,0.6881720430107527,0.7804878048780488,0.25925925925925924,0.5790424570912377
Ghana_DHS_2022,wealth,middle,XGBoost,0.6323529411764706,0.7474747474747475,0.9024390243902439,0.2222222222222222,0.6160794941282746
Ghana_DHS_2022,wealth,middle,TabPFN,0.6029411764705882,0.7476635514018691,0.975609756097561,0.037037037037037035,0.6639566395663958
Ghana_DHS_2022,wealth,richer,LogReg,0.49056603773584906,0.5423728813559322,0.5333333333333333,0.43478260869565216,0.48840579710144927
Ghana_DHS_2022,wealth,richer,LightGBM,0.4339622641509434,0.5161290322580645,0.5333333333333333,0.30434782608695654,0.4710144927536232
Ghana_DHS_2022,wealth,richer,XGBoost,0.49056603773584906,0.6086956521739131,0.7,0.21739130434782608,0.4826086956521739
Ghana_DHS_2022,wealth,richer,TabPFN,0.5094339622641509,0.5806451612903226,0.6,0.391304347826087,0.47681159420289854
Ghana_DHS_2022,wealth,poorer,LogReg,0.6931818181818182,0.773109243697479,0.8214285714285714,0.46875,0.6584821428571429
Ghana_DHS_2022,wealth,poorer,LightGBM,0.7272727272727273,0.7966101694915254,0.8392857142857143,0.53125,0.7399553571428572
Ghana_DHS_2022,wealth,poorer,XGBoost,0.7159090909090909,0.8,0.8928571428571429,0.40625,0.7739955357142858
Ghana_DHS_2022,wealth,poorer,TabPFN,0.6590909090909091,0.7857142857142857,0.9821428571428571,0.09375,0.7898995535714286
Ghana_DHS_2022,wealth,richest,LogReg,0.6097560975609756,0.2,0.13333333333333333,0.8846153846153846,0.6538461538461539
Ghana_DHS_2022,wealth,richest,LightGBM,0.6341463414634146,0.34782608695652173,0.26666666666666666,0.8461538461538461,0.5564102564102564
Ghana_DHS_2022,wealth,richest,XGBoost,0.6097560975609756,0.2727272727272727,0.2,0.8461538461538461,0.5692307692307692
Ghana_DHS_2022,wealth,richest,TabPFN,0.6341463414634146,0.0,0.0,1.0,0.5641025641025641
Ghana_DHS_2022,wealth,poorest,LogReg,0.7433628318584071,0.8465608465608465,0.963855421686747,0.13333333333333333,0.6409638554216867
Ghana_DHS_2022,wealth,poorest,LightGBM,0.7168141592920354,0.8297872340425532,0.9397590361445783,0.1,0.6453815261044176
Ghana_DHS_2022,wealth,poorest,XGBoost,0.7168141592920354,0.8350515463917526,0.9759036144578314,0.0,0.6248995983935743
Ghana_DHS_2022,wealth,poorest,TabPFN,0.7256637168141593,0.8359788359788359,0.9518072289156626,0.1,0.6823293172690762
Ghana_DHS_2022,education,secondary,LogReg,0.6416184971098265,0.7075471698113207,0.7731958762886598,0.47368421052631576,0.5954964731416169
Ghana_DHS_2022,education,secondary,LightGBM,0.5549132947976878,0.6280193236714976,0.6701030927835051,0.40789473684210525,0.5504612045577862
Ghana_DHS_2022,education,secondary,XGBoost,0.5549132947976878,0.6350710900473934,0.6907216494845361,0.3815789473684211,0.5556158437330438
Ghana_DHS_2022,education,secondary,TabPFN,0.5895953757225434,0.6666666666666666,0.7319587628865979,0.40789473684210525,0.5888497015735215
Ghana_DHS_2022,education,primary,LogReg,0.6206896551724138,0.7380952380952381,0.8157894736842105,0.25,0.6513157894736843
Ghana_DHS_2022,education,primary,LightGBM,0.6379310344827587,0.7529411764705882,0.8421052631578947,0.25,0.618421052631579
Ghana_DHS_2022,education,primary,XGBoost,0.6206896551724138,0.7555555555555555,0.8947368421052632,0.1,0.6263157894736842
Ghana_DHS_2022,education,primary,TabPFN,0.6551724137931034,0.7916666666666666,1.0,0.0,0.7
Ghana_DHS_2022,education,higher,LogReg,0.6428571428571429,0.5833333333333334,0.5384615384615384,0.7333333333333333,0.6615384615384615
Ghana_DHS_2022,education,higher,LightGBM,0.5357142857142857,0.38095238095238093,0.3076923076923077,0.7333333333333333,0.5538461538461539
Ghana_DHS_2022,education,higher,XGBoost,0.6071428571428571,0.5925925925925926,0.6153846153846154,0.6,0.6
Ghana_DHS_2022,education,higher,TabPFN,0.5714285714285714,0.5384615384615384,0.5384615384615384,0.6,0.6923076923076923
Ghana_DHS_2022,education,no education,LogReg,0.6952380952380952,0.8181818181818182,0.935064935064935,0.03571428571428571,0.5204081632653061
Ghana_DHS_2022,education,no education,LightGBM,0.7523809523809524,0.8452380952380952,0.922077922077922,0.2857142857142857,0.6113172541743971
Ghana_DHS_2022,education,no education,XGBoost,0.7428571428571429,0.8491620111731844,0.987012987012987,0.07142857142857142,0.6321892393320965
Ghana_DHS_2022,education,no education,TabPFN,0.7333333333333333,0.8461538461538461,1.0,0.0,0.5862708719851577
Ghana_DHS_2022,residence,rural,LogReg,0.6587677725118484,0.7692307692307693,0.8633093525179856,0.2638888888888889,0.7161270983213429
Ghana_DHS_2022,residence,rural,LightGBM,0.6729857819905213,0.770764119601329,0.8345323741007195,0.3611111111111111,0.6589728217426057
Ghana_DHS_2022,residence,rural,XGBoost,0.6824644549763034,0.7925696594427245,0.920863309352518,0.2222222222222222,0.6575739408473222
Ghana_DHS_2022,residence,rural,TabPFN,0.7014218009478673,0.8025078369905956,0.920863309352518,0.2777777777777778,0.7060851318944844
Ghana_DHS_2022,residence,urban,LogReg,0.631578947368421,0.6705882352941176,0.6627906976744186,0.5909090909090909,0.6499295278365047
Ghana_DHS_2022,residence,urban,LightGBM,0.5986842105263158,0.6347305389221557,0.6162790697674418,0.5757575757575758,0.6236786469344608
Ghana_DHS_2022,residence,urban,XGBoost,0.5723684210526315,0.6198830409356725,0.6162790697674418,0.5151515151515151,0.6178646934460887
Ghana_DHS_2022,residence,urban,TabPFN,0.618421052631579,0.6741573033707865,0.6976744186046512,0.5151515151515151,0.6587385482734321
Ghana_DHS_2022,age_group,24–35m,LogReg,0.5925925925925926,0.6451612903225806,0.7142857142857143,0.46153846153846156,0.6394230769230769
Ghana_DHS_2022,age_group,24–35m,LightGBM,0.5185185185185185,0.5517241379310345,0.5714285714285714,0.46153846153846156,0.5525412087912088
Ghana_DHS_2022,age_group,24–35m,XGBoost,0.5555555555555556,0.6190476190476191,0.6964285714285714,0.40384615384615385,0.5769230769230769
Ghana_DHS_2022,age_group,24–35m,TabPFN,0.5833333333333334,0.6456692913385826,0.7321428571428571,0.4230769230769231,0.6584821428571429
Ghana_DHS_2022,age_group,12–23m,LogReg,0.6363636363636364,0.7333333333333333,0.7521367521367521,0.4067796610169492,0.615819209039548
Ghana_DHS_2022,age_group,12–23m,LightGBM,0.6420454545454546,0.7529411764705882,0.8205128205128205,0.288135593220339,0.5849630595393307
Ghana_DHS_2022,age_group,12–23m,XGBoost,0.6477272727272727,0.7703703703703704,0.8888888888888888,0.1694915254237288,0.5809068520932927
Ghana_DHS_2022,age_group,12–23m,TabPFN,0.6590909090909091,0.765625,0.8376068376068376,0.3050847457627119,0.6289294509633493
Ghana_DHS_2022,age_group,6–11m,LogReg,0.6666666666666666,0.7692307692307693,0.8333333333333334,0.3333333333333333,0.5351473922902494
Ghana_DHS_2022,age_group,6–11m,LightGBM,0.5873015873015873,0.723404255319149,0.8095238095238095,0.14285714285714285,0.5396825396825398
Ghana_DHS_2022,age_group,6–11m,XGBoost,0.6349206349206349,0.7676767676767676,0.9047619047619048,0.09523809523809523,0.5204081632653061
Ghana_DHS_2022,age_group,6–11m,TabPFN,0.6825396825396826,0.7916666666666666,0.9047619047619048,0.23809523809523808,0.4739229024943311
Ghana_DHS_2022,age_group,0–5m,LogReg,0.8125,0.8571428571428571,0.9,0.6666666666666666,0.8666666666666667
Ghana_DHS_2022,age_group,0–5m,LightGBM,0.8125,0.8571428571428571,0.9,0.6666666666666666,0.8833333333333333
Ghana_DHS_2022,age_group,0–5m,XGBoost,0.6875,0.782608695652174,0.9,0.3333333333333333,0.8666666666666667
Ghana_DHS_2022,age_group,0–5m,TabPFN,0.6875,0.782608695652174,0.9,0.3333333333333333,0.8833333333333333
Gambia_DHS_2019_2020,sex,female,LogReg,0.6287425149700598,0.6736842105263158,0.7111111111111111,0.5324675324675324,0.676046176046176
Gambia_DHS_2019_2020,sex,female,LightGBM,0.5988023952095808,0.6378378378378379,0.6555555555555556,0.5324675324675324,0.6604617604617604
Gambia_DHS_2019_2020,sex,female,XGBoost,0.6047904191616766,0.648936170212766,0.6777777777777778,0.5194805194805194,0.662049062049062
Gambia_DHS_2019_2020,sex,female,TabPFN,0.6407185628742516,0.6703296703296703,0.6777777777777778,0.5974025974025974,0.7143578643578643
Gambia_DHS_2019_2020,sex,male,LogReg,0.6421052631578947,0.7068965517241379,0.7663551401869159,0.4819277108433735,0.7008219795068122
Gambia_DHS_2019_2020,sex,male,LightGBM,0.5789473684210527,0.6491228070175439,0.6915887850467289,0.43373493975903615,0.661412003152798
Gambia_DHS_2019_2020,sex,male,XGBoost,0.6421052631578947,0.7094017094017094,0.7757009345794392,0.46987951807228917,0.6936155838306496
Gambia_DHS_2019_2020,sex,male,TabPFN,0.6368421052631579,0.703862660944206,0.7663551401869159,0.46987951807228917,0.7343204594077243
Gambia_DHS_2019_2020,wealth,middle,LogReg,0.6986301369863014,0.6857142857142857,0.6857142857142857,0.7105263157894737,0.7421052631578947
Gambia_DHS_2019_2020,wealth,middle,LightGBM,0.684931506849315,0.6461538461538462,0.6,0.7631578947368421,0.7015037593984963
Gambia_DHS_2019_2020,wealth,middle,XGBoost,0.6575342465753424,0.6376811594202898,0.6285714285714286,0.6842105263157895,0.7353383458646616
Gambia_DHS_2019_2020,wealth,middle,TabPFN,0.6986301369863014,0.7027027027027027,0.7428571428571429,0.6578947368421053,0.7639097744360902
Gambia_DHS_2019_2020,wealth,poorer,LogReg,0.5454545454545454,0.6464646464646465,0.7272727272727273,0.30303030303030304,0.5688705234159779
Gambia_DHS_2019_2020,wealth,poorer,LightGBM,0.5844155844155844,0.673469387755102,0.75,0.36363636363636365,0.6067493112947658
Gambia_DHS_2019_2020,wealth,poorer,XGBoost,0.5584415584415584,0.6666666666666666,0.7727272727272727,0.2727272727272727,0.5764462809917354
Gambia_DHS_2019_2020,wealth,poorer,TabPFN,0.5324675324675324,0.6170212765957447,0.6590909090909091,0.36363636363636365,0.5909090909090908
Gambia_DHS_2019_2020,wealth,richer,LogReg,0.509090909090909,0.3076923076923077,0.2608695652173913,0.6875,0.5176630434782609
Gambia_DHS_2019_2020,wealth,richer,LightGBM,0.4909090909090909,0.3333333333333333,0.30434782608695654,0.625,0.4714673913043478
Gambia_DHS_2019_2020,wealth,richer,XGBoost,0.5818181818181818,0.43902439024390244,0.391304347826087,0.71875,0.5434782608695652
Gambia_DHS_2019_2020,wealth,richer,TabPFN,0.6181818181818182,0.3225806451612903,0.21739130434782608,0.90625,0.6596467391304347
Gambia_DHS_2019_2020,wealth,richest,LogReg,0.5,0.15384615384615385,0.125,0.7142857142857143,0.5178571428571428
Gambia_DHS_2019_2020,wealth,richest,LightGBM,0.5909090909090909,0.3076923076923077,0.25,0.7857142857142857,0.6205357142857143
Gambia_DHS_2019_2020,wealth,richest,XGBoost,0.5681818181818182,0.17391304347826086,0.125,0.8214285714285714,0.578125
Gambia_DHS_2019_2020,wealth,richest,TabPFN,0.5681818181818182,0.17391304347826086,0.125,0.8214285714285714,0.5513392857142857
Gambia_DHS_2019_2020,wealth,poorest,LogReg,0.7747747747747747,0.8587570621468926,0.95,0.3225806451612903,0.6278225806451613
Gambia_DHS_2019_2020,wealth,poorest,LightGBM,0.7477477477477478,0.8444444444444444,0.95,0.22580645161290322,0.7241935483870967
Gambia_DHS_2019_2020,wealth,poorest,XGBoost,0.7477477477477478,0.8478260869565217,0.975,0.16129032258064516,0.7133064516129032
Gambia_DHS_2019_2020,wealth,poorest,TabPFN,0.7747747747747747,0.861878453038674,0.975,0.25806451612903225,0.6685483870967742
Gambia_DHS_2019_2020,education,no education,LogReg,0.6534090909090909,0.7288888888888889,0.7592592592592593,0.4852941176470588,0.7261710239651415
Gambia_DHS_2019_2020,education,no education,LightGBM,0.6818181818181818,0.7543859649122807,0.7962962962962963,0.5,0.7335239651416122
Gambia_DHS_2019_2020,education,no education,XGBoost,0.7272727272727273,0.8048780487804879,0.9166666666666666,0.4264705882352941,0.7406045751633987
Gambia_DHS_2019_2020,education,no education,TabPFN,0.7159090909090909,0.7916666666666666,0.8796296296296297,0.45588235294117646,0.7561274509803921
Gambia_DHS_2019_2020,education,secondary,LogReg,0.6138613861386139,0.5979381443298969,0.6304347826086957,0.6,0.6711462450592885
Gambia_DHS_2019_2020,education,secondary,LightGBM,0.5742574257425742,0.5057471264367817,0.4782608695652174,0.6545454545454545,0.6031620553359683
Gambia_DHS_2019_2020,education,secondary,XGBoost,0.6138613861386139,0.5517241379310345,0.5217391304347826,0.6909090909090909,0.6395256916996047
Gambia_DHS_2019_2020,education,secondary,TabPFN,0.6732673267326733,0.611764705882353,0.5652173913043478,0.7636363636363637,0.7019762845849802
Gambia_DHS_2019_2020,education,primary,LogReg,0.7313432835820896,0.7857142857142857,0.868421052631579,0.5517241379310345,0.7631578947368421
Gambia_DHS_2019_2020,education,primary,LightGBM,0.6268656716417911,0.691358024691358,0.7368421052631579,0.4827586206896552,0.6188747731397459
Gambia_DHS_2019_2020,education,primary,XGBoost,0.6567164179104478,0.7294117647058823,0.8157894736842105,0.4482758620689655,0.7068965517241379
Gambia_DHS_2019_2020,education,primary,TabPFN,0.6865671641791045,0.7741935483870968,0.9473684210526315,0.3448275862068966,0.7400181488203268
Gambia_DHS_2019_2020,education,higher,LogReg,0.42857142857142855,0.2,0.25,0.5,0.42500000000000004
Gambia_DHS_2019_2020,education,higher,LightGBM,0.6428571428571429,0.0,0.0,0.9,0.5
Gambia_DHS_2019_2020,education,higher,XGBoost,0.6428571428571429,0.2857142857142857,0.25,0.8,0.675
Gambia_DHS_2019_2020,education,higher,TabPFN,0.5714285714285714,0.4,0.5,0.6,0.55
Gambia_DHS_2019_2020,residence,urban,LogReg,0.5428571428571428,0.43661971830985913,0.4189189189189189,0.6336633663366337,0.5695745250200696
Gambia_DHS_2019_2020,residence,urban,LightGBM,0.5314285714285715,0.39705882352941174,0.36486486486486486,0.6534653465346535,0.5519132994380519
Gambia_DHS_2019_2020,residence,urban,XGBoost,0.5828571428571429,0.416,0.35135135135135137,0.7524752475247525,0.579074123628579
Gambia_DHS_2019_2020,residence,urban,TabPFN,0.5657142857142857,0.4153846153846154,0.36486486486486486,0.7128712871287128,0.5974712336098474
Gambia_DHS_2019_2020,residence,rural,LogReg,0.7032967032967034,0.7985074626865671,0.8770491803278688,0.35,0.6588797814207651
Gambia_DHS_2019_2020,residence,rural,LightGBM,0.6813186813186813,0.7819548872180451,0.8524590163934426,0.3333333333333333,0.7031420765027323
Gambia_DHS_2019_2020,residence,rural,XGBoost,0.6868131868131868,0.797153024911032,0.9180327868852459,0.21666666666666667,0.6827868852459016
Gambia_DHS_2019_2020,residence,rural,TabPFN,0.7252747252747253,0.8188405797101449,0.9262295081967213,0.31666666666666665,0.7194672131147541
Gambia_DHS_2019_2020,age_group,24–35m,LogReg,0.6190476190476191,0.6923076923076923,0.75,0.4444444444444444,0.5908564814814815
Gambia_DHS_2019_2020,age_group,24–35m,LightGBM,0.5952380952380952,0.6909090909090909,0.7916666666666666,0.3333333333333333,0.5943287037037037
Gambia_DHS_2019_2020,age_group,24–35m,XGBoost,0.6190476190476191,0.7142857142857143,0.8333333333333334,0.3333333333333333,0.6122685185185185
Gambia_DHS_2019_2020,age_group,24–35m,TabPFN,0.6428571428571429,0.7222222222222222,0.8125,0.4166666666666667,0.5957754629629629
Gambia_DHS_2019_2020,age_group,36–47m,LogReg,0.6666666666666666,0.6538461538461539,0.7083333333333334,0.6333333333333333,0.701388888888889
Gambia_DHS_2019_2020,age_group,36–47m,LightGBM,0.7222222222222222,0.6341463414634146,0.5416666666666666,0.8666666666666667,0.8416666666666667
Gambia_DHS_2019_2020,age_group,36–47m,XGBoost,0.7222222222222222,0.6341463414634146,0.5416666666666666,0.8666666666666667,0.8055555555555556
Gambia_DHS_2019_2020,age_group,36–47m,TabPFN,0.7407407407407407,0.6818181818181818,0.625,0.8333333333333334,0.7944444444444444
Gambia_DHS_2019_2020,age_group,6–11m,LogReg,0.5869565217391305,0.6779661016949152,0.7692307692307693,0.35,0.6865384615384615
Gambia_DHS_2019_2020,age_group,6–11m,LightGBM,0.5434782608695652,0.6181818181818182,0.6538461538461539,0.4,0.576923076923077
Gambia_DHS_2019_2020,age_group,6–11m,XGBoost,0.5869565217391305,0.6885245901639344,0.8076923076923077,0.3,0.5865384615384616
Gambia_DHS_2019_2020,age_group,6–11m,TabPFN,0.5434782608695652,0.631578947368421,0.6923076923076923,0.35,0.5923076923076923
Gambia_DHS_2019_2020,age_group,48–59m,LogReg,0.7222222222222222,0.5,0.5,0.8076923076923077,0.6192307692307693
Gambia_DHS_2019_2020,age_group,48–59m,LightGBM,0.6388888888888888,0.13333333333333333,0.1,0.8461538461538461,0.49615384615384617
Gambia_DHS_2019_2020,age_group,48–59m,XGBoost,0.6388888888888888,0.0,0.0,0.8846153846153846,0.5307692307692308
Gambia_DHS_2019_2020,age_group,48–59m,TabPFN,0.7222222222222222,0.0,0.0,1.0,0.5653846153846154
Gambia_DHS_2019_2020,age_group,12–23m,LogReg,0.6461538461538462,0.7325581395348837,0.7411764705882353,0.4666666666666667,0.7231372549019607
Gambia_DHS_2019_2020,age_group,12–23m,LightGBM,0.6615384615384615,0.7608695652173914,0.8235294117647058,0.35555555555555557,0.6674509803921569
Gambia_DHS_2019_2020,age_group,12–23m,XGBoost,0.7153846153846154,0.8082901554404145,0.9176470588235294,0.3333333333333333,0.6962091503267974
Gambia_DHS_2019_2020,age_group,12–23m,TabPFN,0.6923076923076923,0.7894736842105263,0.8823529411764706,0.3333333333333333,0.7315032679738562
Cameroon_DHS_2018,sex,male,LogReg,0.6020408163265306,0.6953125,0.7542372881355932,0.3717948717948718,0.6503694046066927
Cameroon_DHS_2018,sex,male,LightGBM,0.6224489795918368,0.6942148760330579,0.711864406779661,0.48717948717948717,0.630704041720991
Cameroon_DHS_2018,sex,male,XGBoost,0.6530612244897959,0.7443609022556391,0.8389830508474576,0.3717948717948718,0.6468926553672316
Cameroon_DHS_2018,sex,male,TabPFN,0.6377551020408163,0.7279693486590039,0.8050847457627118,0.38461538461538464,0.675412863972186
Cameroon_DHS_2018,sex,female,LogReg,0.5925925925925926,0.6637554585152838,0.7102803738317757,0.43902439024390244,0.6286756325507181
Cameroon_DHS_2018,sex,female,LightGBM,0.6296296296296297,0.6875,0.719626168224299,0.5121951219512195,0.6380214269432415
Cameroon_DHS_2018,sex,female,XGBoost,0.6507936507936508,0.7130434782608696,0.7663551401869159,0.5,0.6446318668794165
Cameroon_DHS_2018,sex,female,TabPFN,0.6243386243386243,0.7053941908713693,0.794392523364486,0.4024390243902439,0.6409847276042853
Cameroon_DHS_2018,wealth,poorer,LogReg,0.6463414634146342,0.7521367521367521,0.8148148148148148,0.32142857142857145,0.5793650793650794
Cameroon_DHS_2018,wealth,poorer,LightGBM,0.6341463414634146,0.7321428571428571,0.7592592592592593,0.39285714285714285,0.5952380952380952
Cameroon_DHS_2018,wealth,poorer,XGBoost,0.6097560975609756,0.7377049180327869,0.8333333333333334,0.17857142857142858,0.6216931216931217
Cameroon_DHS_2018,wealth,poorer,TabPFN,0.6463414634146342,0.7603305785123967,0.8518518518518519,0.25,0.5462962962962963
Cameroon_DHS_2018,wealth,middle,LogReg,0.6222222222222222,0.7166666666666667,0.7818181818181819,0.37142857142857144,0.5651948051948052
Cameroon_DHS_2018,wealth,middle,LightGBM,0.5777777777777777,0.6833333333333333,0.7454545454545455,0.3142857142857143,0.5407792207792208
Cameroon_DHS_2018,wealth,middle,XGBoost,0.6,0.7096774193548387,0.8,0.2857142857142857,0.5283116883116883
Cameroon_DHS_2018,wealth,middle,TabPFN,0.5777777777777777,0.6935483870967742,0.7818181818181819,0.2571428571428571,0.5745454545454545
Cameroon_DHS_2018,wealth,poorest,LogReg,0.6792452830188679,0.7901234567901234,0.8888888888888888,0.23529411764705882,0.6258169934640523
Cameroon_DHS_2018,wealth,poorest,LightGBM,0.6415094339622641,0.7654320987654321,0.8611111111111112,0.17647058823529413,0.6176470588235294
Cameroon_DHS_2018,wealth,poorest,XGBoost,0.660377358490566,0.7954545454545454,0.9722222222222222,0.0,0.6339869281045751
Cameroon_DHS_2018,wealth,poorest,TabPFN,0.6792452830188679,0.8089887640449438,1.0,0.0,0.5310457516339869
Cameroon_DHS_2018,wealth,richer,LogReg,0.5444444444444444,0.5287356321839081,0.5,0.5909090909090909,0.5879446640316206
Cameroon_DHS_2018,wealth,richer,LightGBM,0.6111111111111112,0.6236559139784946,0.6304347826086957,0.5909090909090909,0.5691699604743082
Cameroon_DHS_2018,wealth,richer,XGBoost,0.6444444444444445,0.6521739130434783,0.6521739130434783,0.6363636363636364,0.625
Cameroon_DHS_2018,wealth,richer,TabPFN,0.6333333333333333,0.6206896551724138,0.5869565217391305,0.6818181818181818,0.6262351778656127
Cameroon_DHS_2018,wealth,richest,LogReg,0.6056338028169014,0.6111111111111112,0.6285714285714286,0.5833333333333334,0.6785714285714285
Cameroon_DHS_2018,wealth,richest,LightGBM,0.5915492957746479,0.5396825396825397,0.4857142857142857,0.6944444444444444,0.6134920634920634
Cameroon_DHS_2018,wealth,richest,XGBoost,0.5915492957746479,0.5538461538461539,0.5142857142857142,0.6666666666666666,0.6214285714285714
Cameroon_DHS_2018,wealth,richest,TabPFN,0.6338028169014085,0.5806451612903226,0.5142857142857142,0.75,0.6484126984126984
Cameroon_DHS_2018,education,secondary,LogReg,0.5614035087719298,0.5901639344262295,0.5869565217391305,0.5316455696202531,0.5848926802421575
Cameroon_DHS_2018,education,secondary,LightGBM,0.5497076023391813,0.5792349726775956,0.5760869565217391,0.5189873417721519,0.5557237204182718
Cameroon_DHS_2018,education,secondary,XGBoost,0.5497076023391813,0.6051282051282051,0.6413043478260869,0.4430379746835443,0.5423775454045129
Cameroon_DHS_2018,education,secondary,TabPFN,0.5497076023391813,0.6091370558375635,0.6521739130434783,0.43037974683544306,0.5914281783159054
Cameroon_DHS_2018,education,primary,LogReg,0.6060606060606061,0.6941176470588235,0.6941176470588235,0.44680851063829785,0.6340425531914895
Cameroon_DHS_2018,education,primary,LightGBM,0.6742424242424242,0.7675675675675676,0.8352941176470589,0.3829787234042553,0.6943679599499374
Cameroon_DHS_2018,education,primary,XGBoost,0.6666666666666666,0.7708333333333334,0.8705882352941177,0.2978723404255319,0.6996245306633292
Cameroon_DHS_2018,education,primary,TabPFN,0.6590909090909091,0.7643979057591623,0.8588235294117647,0.2978723404255319,0.6708385481852316
Cameroon_DHS_2018,education,no education,LogReg,0.6491228070175439,0.7368421052631579,0.7777777777777778,0.42857142857142855,0.5833333333333334
Cameroon_DHS_2018,education,no education,LightGBM,0.5614035087719298,0.6835443037974683,0.75,0.23809523809523808,0.5965608465608465
Cameroon_DHS_2018,education,no education,XGBoost,0.6666666666666666,0.7710843373493976,0.8888888888888888,0.2857142857142857,0.656084656084656
Cameroon_DHS_2018,education,no education,TabPFN,0.631578947368421,0.7586206896551724,0.9166666666666666,0.14285714285714285,0.5522486772486772
Cameroon_DHS_2018,education,higher,LogReg,0.64,0.6086956521739131,0.6363636363636364,0.6428571428571429,0.6298701298701299
Cameroon_DHS_2018,education,higher,LightGBM,0.72,0.6956521739130435,0.7272727272727273,0.7142857142857143,0.6363636363636365
Cameroon_DHS_2018,education,higher,XGBoost,0.6,0.5454545454545454,0.5454545454545454,0.6428571428571429,0.6233766233766234
Cameroon_DHS_2018,education,higher,TabPFN,0.64,0.6086956521739131,0.6363636363636364,0.6428571428571429,0.6136363636363636
Cameroon_DHS_2018,residence,urban,LogReg,0.6224489795918368,0.6696428571428571,0.7211538461538461,0.5108695652173914,0.6591764214046822
Cameroon_DHS_2018,residence,urban,LightGBM,0.5459183673469388,0.6079295154185022,0.6634615384615384,0.41304347826086957,0.5707566889632107
Cameroon_DHS_2018,residence,urban,XGBoost,0.5459183673469388,0.6079295154185022,0.6634615384615384,0.41304347826086957,0.596989966555184
Cameroon_DHS_2018,residence,urban,TabPFN,0.5969387755102041,0.6325581395348837,0.6538461538461539,0.532608695652174,0.6332044314381271
Cameroon_DHS_2018,residence,rural,LogReg,0.648936170212766,0.7518796992481203,0.8333333333333334,0.3235294117647059,0.5751225490196078
Cameroon_DHS_2018,residence,rural,LightGBM,0.5851063829787234,0.6976744186046512,0.75,0.29411764705882354,0.610906862745098
Cameroon_DHS_2018,residence,rural,XGBoost,0.6382978723404256,0.75,0.85,0.2647058823529412,0.6034313725490196
Cameroon_DHS_2018,residence,rural,TabPFN,0.6382978723404256,0.7518248175182481,0.8583333333333333,0.25,0.6001838235294117
Cameroon_DHS_2018,age_group,12–23m,LogReg,0.6808510638297872,0.784688995215311,0.8723404255319149,0.2978723404255319,0.602987777274785
Cameroon_DHS_2018,age_group,12–23m,LightGBM,0.6170212765957447,0.75,0.8617021276595744,0.1276595744680851,0.5187867813490267
Cameroon_DHS_2018,age_group,12–23m,XGBoost,0.6312056737588653,0.7719298245614035,0.9361702127659575,0.02127659574468085,0.5706201901312811
Cameroon_DHS_2018,age_group,12–23m,TabPFN,0.6666666666666666,0.8,1.0,0.0,0.6217745586238117
Cameroon_DHS_2018,age_group,48–59m,LogReg,0.4857142857142857,0.35714285714285715,0.3333333333333333,0.6,0.4766666666666667
Cameroon_DHS_2018,age_group,48–59m,LightGBM,0.42857142857142855,0.375,0.4,0.45,0.31000000000000005
Cameroon_DHS_2018,age_group,48–59m,XGBoost,0.4857142857142857,0.3076923076923077,0.26666666666666666,0.65,0.3466666666666666
Cameroon_DHS_2018,age_group,48–59m,TabPFN,0.5428571428571428,0.3333333333333333,0.26666666666666666,0.75,0.37833333333333335
Cameroon_DHS_2018,age_group,24–35m,LogReg,0.5568181818181818,0.6060606060606061,0.625,0.475,0.5942708333333333
Cameroon_DHS_2018,age_group,24–35m,LightGBM,0.5454545454545454,0.5833333333333334,0.5833333333333334,0.5,0.5135416666666667
Cameroon_DHS_2018,age_group,24–35m,XGBoost,0.5568181818181818,0.6060606060606061,0.625,0.475,0.5322916666666667
Cameroon_DHS_2018,age_group,24–35m,TabPFN,0.48863636363636365,0.5631067961165048,0.6041666666666666,0.35,0.5489583333333334
Cameroon_DHS_2018,age_group,36–47m,LogReg,0.6724137931034483,0.5365853658536586,0.4583333333333333,0.8235294117647058,0.6274509803921567
Cameroon_DHS_2018,age_group,36–47m,LightGBM,0.5862068965517241,0.45454545454545453,0.4166666666666667,0.7058823529411765,0.5551470588235294
Cameroon_DHS_2018,age_group,36–47m,XGBoost,0.6206896551724138,0.3125,0.20833333333333334,0.9117647058823529,0.5698529411764706
Cameroon_DHS_2018,age_group,36–47m,TabPFN,0.5517241379310345,0.1875,0.125,0.8529411764705882,0.5661764705882353
Cameroon_DHS_2018,age_group,6–11m,LogReg,0.660377358490566,0.775,0.8378378378378378,0.25,0.5337837837837838
Cameroon_DHS_2018,age_group,6–11m,LightGBM,0.6037735849056604,0.72,0.7297297297297297,0.3125,0.5506756756756757
Cameroon_DHS_2018,age_group,6–11m,XGBoost,0.6792452830188679,0.8089887640449438,0.972972972972973,0.0,0.5320945945945946
Cameroon_DHS_2018,age_group,6–11m,TabPFN,0.6981132075471698,0.8222222222222222,1.0,0.0,0.5793918918918919
Cameroon_DHS_2018,age_group,0–5m,LogReg,0.6666666666666666,0.7777777777777778,0.875,0.25,0.5
Cameroon_DHS_2018,age_group,0–5m,LightGBM,0.6666666666666666,0.8,1.0,0.0,0.390625
Cameroon_DHS_2018,age_group,0–5m,XGBoost,0.6666666666666666,0.8,1.0,0.0,0.3125
Cameroon_DHS_2018,age_group,0–5m,TabPFN,0.6666666666666666,0.8,1.0,0.0,0.53125
Mali_DHS_2023_2024,sex,female,LogReg,0.7857142857142857,0.88,0.9821428571428571,0.0,0.6302437641723356
Mali_DHS_2023_2024,sex,female,LightGBM,0.7619047619047619,0.8641304347826086,0.9464285714285714,0.023809523809523808,0.5690192743764172
Mali_DHS_2023_2024,sex,female,XGBoost,0.7952380952380952,0.8859416445623343,0.9940476190476191,0.0,0.5310374149659864
Mali_DHS_2023_2024,sex,female,TabPFN,0.8,0.8888888888888888,1.0,0.0,0.5447137188208616
Mali_DHS_2023_2024,sex,male,LogReg,0.8269230769230769,0.9047619047619048,0.9941860465116279,0.027777777777777776,0.5993217054263565
Mali_DHS_2023_2024,sex,male,LightGBM,0.8221153846153846,0.9013333333333333,0.9825581395348837,0.05555555555555555,0.5400516795865633
Mali_DHS_2023_2024,sex,male,XGBoost,0.8269230769230769,0.9052631578947369,1.0,0.0,0.5847868217054263
Mali_DHS_2023_2024,sex,male,TabPFN,0.8269230769230769,0.9052631578947369,1.0,0.0,0.6203165374677002
Mali_DHS_2023_2024,wealth,richest,LogReg,0.7325581395348837,0.8391608391608392,0.9375,0.13636363636363635,0.6505681818181819
Mali_DHS_2023_2024,wealth,richest,LightGBM,0.6744186046511628,0.7941176470588235,0.84375,0.18181818181818182,0.40127840909090917
Mali_DHS_2023_2024,wealth,richest,XGBoost,0.7209302325581395,0.8356164383561644,0.953125,0.045454545454545456,0.36363636363636365
Mali_DHS_2023_2024,wealth,richest,TabPFN,0.7441860465116279,0.8533333333333334,1.0,0.0,0.5046164772727273
Mali_DHS_2023_2024,wealth,richer,LogReg,0.8117647058823529,0.8961038961038961,1.0,0.0,0.5063405797101449
Mali_DHS_2023_2024,wealth,richer,LightGBM,0.788235294117647,0.88,0.9565217391304348,0.0625,0.5226449275362318
Mali_DHS_2023_2024,wealth,richer,XGBoost,0.8117647058823529,0.8961038961038961,1.0,0.0,0.5117753623188406
Mali_DHS_2023_2024,wealth,richer,TabPFN,0.8117647058823529,0.8961038961038961,1.0,0.0,0.5072463768115942
Mali_DHS_2023_2024,wealth,poorer,LogReg,0.825,0.9041095890410958,0.9850746268656716,0.0,0.4202066590126291
Mali_DHS_2023_2024,wealth,poorer,LightGBM,0.8,0.8888888888888888,0.9552238805970149,0.0,0.45005740528128585
Mali_DHS_2023_2024,wealth,poorer,XGBoost,0.8375,0.9115646258503401,1.0,0.0,0.45120551090700345
Mali_DHS_2023_2024,wealth,poorer,TabPFN,0.8375,0.9115646258503401,1.0,0.0,0.43398392652123996
Mali_DHS_2023_2024,wealth,middle,LogReg,0.8494623655913979,0.9186046511627907,1.0,0.0,0.5361663652802893
Mali_DHS_2023_2024,wealth,middle,LightGBM,0.8387096774193549,0.9122807017543859,0.9873417721518988,0.0,0.6030741410488245
Mali_DHS_2023_2024,wealth,middle,XGBoost,0.8494623655913979,0.9186046511627907,1.0,0.0,0.6320072332730561
Mali_DHS_2023_2024,wealth,middle,TabPFN,0.8494623655913979,0.9186046511627907,1.0,0.0,0.6288426763110307
Mali_DHS_2023_2024,wealth,poorest,LogReg,0.8266666666666667,0.9051094890510949,1.0,0.0,0.5682382133995038
Mali_DHS_2023_2024,wealth,poorest,LightGBM,0.8266666666666667,0.9051094890510949,1.0,0.0,0.564516129032258
Mali_DHS_2023_2024,wealth,poorest,XGBoost,0.8266666666666667,0.9051094890510949,1.0,0.0,0.5260545905707197
Mali_DHS_2023_2024,wealth,poorest,TabPFN,0.8266666666666667,0.9051094890510949,1.0,0.0,0.5241935483870968
Mali_DHS_2023_2024,education,secondary,LogReg,0.780952380952381,0.8770053475935828,1.0,0.0,0.5683987274655355
Mali_DHS_2023_2024,education,secondary,LightGBM,0.7523809523809524,0.8555555555555555,0.9390243902439024,0.08695652173913043,0.6166489925768823
Mali_DHS_2023_2024,education,secondary,XGBoost,0.780952380952381,0.8770053475935828,1.0,0.0,0.6648992576882291
Mali_DHS_2023_2024,education,secondary,TabPFN,0.780952380952381,0.8770053475935828,1.0,0.0,0.573966065747614
Mali_DHS_2023_2024,education,no education,LogReg,0.8430493273542601,0.9148418491484185,1.0,0.0,0.5041033434650457
Mali_DHS_2023_2024,education,no education,LightGBM,0.8430493273542601,0.9135802469135802,0.9840425531914894,0.08571428571428572,0.5144376899696048
Mali_DHS_2023_2024,education,no education,XGBoost,0.8430493273542601,0.9148418491484185,1.0,0.0,0.47781155015197563
Mali_DHS_2023_2024,education,no education,TabPFN,0.8430493273542601,0.9148418491484185,1.0,0.0,0.5020516717325227
Mali_DHS_2023_2024,education,primary,LogReg,0.7792207792207793,0.8740740740740741,0.9516129032258065,0.06666666666666667,0.6182795698924731
Mali_DHS_2023_2024,education,primary,LightGBM,0.7792207792207793,0.8740740740740741,0.9516129032258065,0.06666666666666667,0.5462365591397849
Mali_DHS_2023_2024,education,primary,XGBoost,0.8181818181818182,0.8985507246376812,1.0,0.06666666666666667,0.5838709677419355
Mali_DHS_2023_2024,education,primary,TabPFN,0.8051948051948052,0.8920863309352518,1.0,0.0,0.4956989247311828
Mali_DHS_2023_2024,education,higher,LogReg,0.5833333333333334,0.6666666666666666,0.7142857142857143,0.4,0.5142857142857142
Mali_DHS_2023_2024,education,higher,LightGBM,0.5833333333333334,0.6666666666666666,0.7142857142857143,0.4,0.6714285714285715
Mali_DHS_2023_2024,education,higher,XGBoost,0.4166666666666667,0.5882352941176471,0.7142857142857143,0.0,0.34285714285714286
Mali_DHS_2023_2024,education,higher,TabPFN,0.5,0.625,0.7142857142857143,0.2,0.42857142857142855
Mali_DHS_2023_2024,residence,urban,LogReg,0.7350427350427351,0.8442211055276382,0.9333333333333333,0.07407407407407407,0.5580246913580247
Mali_DHS_2023_2024,residence,urban,LightGBM,0.7350427350427351,0.8426395939086294,0.9222222222222223,0.1111111111111111,0.5481481481481482
Mali_DHS_2023_2024,residence,urban,XGBoost,0.717948717948718,0.835820895522388,0.9333333333333333,0.0,0.4802469135802469
Mali_DHS_2023_2024,residence,urban,TabPFN,0.7606837606837606,0.8627450980392157,0.9777777777777777,0.037037037037037035,0.5582304526748971
Mali_DHS_2023_2024,residence,rural,LogReg,0.8333333333333334,0.9090909090909091,1.0,0.0,0.62456
Mali_DHS_2023_2024,residence,rural,LightGBM,0.8333333333333334,0.9090909090909091,1.0,0.0,0.59024
Mali_DHS_2023_2024,residence,rural,XGBoost,0.8333333333333334,0.9090909090909091,1.0,0.0,0.6198399999999998
Mali_DHS_2023_2024,residence,rural,TabPFN,0.8333333333333334,0.9090909090909091,1.0,0.0,0.5880399999999999
Mali_DHS_2023_2024,age_group,24–35m,LogReg,0.7867647058823529,0.8806584362139918,0.9907407407407407,0.0,0.49007936507936506
Mali_DHS_2023_2024,age_group,24–35m,LightGBM,0.7867647058823529,0.8806584362139918,0.9907407407407407,0.0,0.550925925925926
Mali_DHS_2023_2024,age_group,24–35m,XGBoost,0.7941176470588235,0.8852459016393442,1.0,0.0,0.5472883597883599
Mali_DHS_2023_2024,age_group,24–35m,TabPFN,0.7941176470588235,0.8852459016393442,1.0,0.0,0.5324074074074074
Mali_DHS_2023_2024,age_group,12–23m,LogReg,0.8374384236453202,0.9105691056910569,0.9767441860465116,0.06451612903225806,0.5341335333833459
Mali_DHS_2023_2024,age_group,12–23m,LightGBM,0.8275862068965517,0.9051490514905149,0.9709302325581395,0.03225806451612903,0.5902100525131282
Mali_DHS_2023_2024,age_group,12–23m,XGBoost,0.8374384236453202,0.9115281501340483,0.9883720930232558,0.0,0.5630157539384846
Mali_DHS_2023_2024,age_group,12–23m,TabPFN,0.8472906403940886,0.9173333333333333,1.0,0.0,0.5511065266316578
Mali_DHS_2023_2024,age_group,6–11m,LogReg,0.6885245901639344,0.8080808080808081,0.851063829787234,0.14285714285714285,0.6094224924012158
Mali_DHS_2023_2024,age_group,6–11m,LightGBM,0.7377049180327869,0.8431372549019608,0.9148936170212766,0.14285714285714285,0.5987841945288754
Mali_DHS_2023_2024,age_group,6–11m,XGBoost,0.7704918032786885,0.8703703703703703,1.0,0.0,0.6124620060790273
Mali_DHS_2023_2024,age_group,6–11m,TabPFN,0.7704918032786885,0.8703703703703703,1.0,0.0,0.5691489361702127
Mali_DHS_2023_2024,age_group,0–5m,LogReg,0.631578947368421,0.7407407407407407,0.7142857142857143,0.4,0.6285714285714286
Mali_DHS_2023_2024,age_group,0–5m,LightGBM,0.47368421052631576,0.6428571428571429,0.6428571428571429,0.0,0.34285714285714286
Mali_DHS_2023_2024,age_group,0–5m,XGBoost,0.6842105263157895,0.8125,0.9285714285714286,0.0,0.4
Mali_DHS_2023_2024,age_group,0–5m,TabPFN,0.7368421052631579,0.8484848484848485,1.0,0.0,0.5714285714285714
